NumeroScheda,Intestazione,Titolo,Anno,NumeroArchivio,Tecnica,Dimensioni,SegniRecto,SegniVerso,Collocazione,Provenienza,EsposizioniPersonali,EsposizioniCollettive,Bibliografia,Note,ImmagineRecto,ImmagineVerso,ImmagineLaterale,Illustrazione1,Illustrazione2,Illustrazione3,PaginePDF,TestoIntegrale
1,1913 pc387,Ritratto del nonno,1913-16,1913 pc387,matita nera e tempera su carta,cm 67 x 49,no,non noto,non nota,,,,"Francesco Di Cocco. Dal futurismo alla Scuola Romana 1917-1938, catalogo della mostra, a cura di Lucia Stefanelli Torossi, con testi di Enrico Crispolti, Carlo Alberto Bucci, Cristiana Perrella, Edizioni Arco Farnese, Roma 1991, ripr. p. 12.",,,,,,,,1,"Recto:
Ritratto del nonno, 1913-16
Numero d’archivio: 1913 pc387
Tecnica: matita nera e tempera su carta
Dimensioni: cm 67 x 49
Segni sul recto: no
Segni sul verso: non noto
Collocazione: non nota
Bibliografia:
Francesco Di Cocco. Dal futurismo alla Scuola Romana 1917-1938, catalogo della mostra, a cura
di Lucia Stefanelli Torossi, con testi di Enrico Crispolti, Carlo Alberto Bucci, Cristiana Perrella,
Edizioni Arco Farnese, Roma 1991, ripr. p. 12."
2,1917pa 9,Testa di vecchio,1917,1917 pa9,pastello su carta,cm 46 x 42,no,non noto,non nota,,,,,,,,,,,,2,"Recto:
Testa di vecchio, 1917
Numero d’archivio: 1917 pa9
Tecnica: pastello su carta
Dimensioni: cm 46 x 42
Segni sul recto: no
Segni sul verso: non noto
Collocazione: non nota"
3,1917 pc280,I rumori,1917,1917 pc280,collage e tempera su carta,cm 27 x 39,no,a matita in alto a destra «Galusssso» [?]; «Leandro Sculpio»; «7 A Di Cocco 1917»; a matita in basso a sinistra «LS» «Leandro Sculpio»,"collezione privata, Roma",,"1984, Di Cocco nomade, solitario, contemplativo dal futurismo alle strutture di colore puro, Chiesa di S. Paolo, Pinacoteca e Musei Comunali, Macerata;
1991, Francesco Di Cocco. Dal futurismo alla Scuola Romana 1917-1938, Galleria Arco Farnese, Roma;
1996, Francesco Di Cocco. Settant'anni di ricerca dal Futurismo alle strutture di colore puro, Galleria Narciso, Torino.","1985, 3° Biennale Nazionale d’Arte Contemporanea, Generazione primo decennio, Palazzo Vescovile, Rieti;
2001, Futurismo 1909-1944. Arte, architettura, spettacolo, grafica, letteratura, Palazzo delle Esposizioni, Roma;
2012, Lo sguardo espanso. Cinema d’artista italiano in mostra 1912-2012, Complesso Monumentale del San Giovanni, Catanzaro.","Di Cocco nomade, solitario, contemplativo dal futurismo alle strutture di colore puro, catalogo della mostra, a cura di Enrico Crispolti, con note bio-bibliografiche di Daniela Pagliai, Coopedit, Macerata 1984, ripr. n. 1, (copertina);
3° Biennale Nazionale d’Arte Contemporanea. Generazione primo decennio, catalogo della mostra, a cura di Giorgio Di Genova, Edizioni Bora, Bologna 1985, ripr. n. 192, p. 128;
Giorgio Di Genova, Storia dell’arte italiana del ‘900 per generazioni. Generazione primo decennio, Bora, Bologna 1986, ripr. n. 9, p. 25;
Mario Verdone, Francesco Di Cocco, in «Futurismo Oggi», Roma, maggio-giugno 1989, p. 40;
Mario Verdone, Il pittore cineasta amico di Pirandello, in «Il Tempo», Roma, 24 luglio 1989, p. 3;
Francesco Di Cocco. Dal futurismo alla Scuola Romana 1917-1938, catalogo della mostra, a cura di Lucia Stefanelli Torossi, con testi di Enrico Crispolti, Carlo Alberto Bucci, Cristiana Perrella, Edizioni Arco Farnese, Roma 1991, ripr. tav. n. 1;
L. Cab., Torna Di Cocco futurista internazionale, in «Arte», n. 223, Milano, novembre 1991, ripr. p. 26;
Mario Verdone, Francesco Di Cocco, in «Terzocchio», anno XVIII, n. 1, Bologna, marzo 1992, ripr. p. 27;
Mario Verdone (a cura di), Arti senza frontiere, Edizioni Bora, Bologna 1993, ripr. p. 54;
Futurismo 1909-1944. Arte, architettura, spettacolo, grafica, letteratura, catalogo della mostra, a cura di Enrico Crispolti, Mazzotta, Milano 2001, ripr. p. 306.",,,,,,,,3-5,"Recto:
Verso:
I rumori, 1917
Numero d’archivio: 1917 pc280
Tecnica: collage e tempera su carta
Dimensioni: cm 27 x 39
Segni sul recto: no
Segni sul verso: a matita in alto a destra «Galusssso» [?]; «Leandro Sculpio»; «7 A Di Cocco
1917»; a matita in basso a sinistra «LS» «Leandro Sculpio»
Collocazione: collezione privata, Roma
Esposizioni personali:
1984, Di Cocco nomade, solitario, contemplativo dal futurismo alle strutture di colore puro, Chiesa
di S. Paolo, Pinacoteca e Musei Comunali, Macerata;
1991, Francesco Di Cocco. Dal futurismo alla Scuola Romana 1917-1938, Galleria Arco Farnese,
Roma;
1996, Francesco Di Cocco. Settant'anni di ricerca dal Futurismo alle strutture di colore puro,
Galleria Narciso, Torino.
Esposizioni collettive:
1985, 3° Biennale Nazionale d’Arte Contemporanea, Generazione primo decennio, Palazzo
Vescovile, Rieti;
2001, Futurismo 1909-1944. Arte, architettura, spettacolo, grafica, letteratura, Palazzo delle
Esposizioni, Roma;
2012, Lo sguardo espanso. Cinema d’artista italiano in mostra 1912-2012, Complesso
Monumentale del San Giovanni, Catanzaro.
Bibliografia:
Di Cocco nomade, solitario, contemplativo dal futurismo alle strutture di colore puro, catalogo
della mostra, a cura di Enrico Crispolti, con note bio-bibliografiche di Daniela Pagliai, Coopedit,
Macerata 1984, ripr. n. 1, (copertina);
3° Biennale Nazionale d’Arte Contemporanea. Generazione primo decennio, catalogo della mostra,
a cura di Giorgio Di Genova, Edizioni Bora, Bologna 1985, ripr. n. 192, p. 128;
Giorgio Di Genova, Storia dell’arte italiana del ‘900 per generazioni. Generazione primo
decennio, Bora, Bologna 1986, ripr. n. 9, p. 25;
Mario Verdone, Francesco Di Cocco, in «Futurismo Oggi», Roma, maggio-giugno 1989, p. 40;
Mario Verdone, Il pittore cineasta amico di Pirandello, in «Il Tempo», Roma, 24 luglio 1989, p. 3;
Francesco Di Cocco. Dal futurismo alla Scuola Romana 1917-1938, catalogo della mostra, a cura
di Lucia Stefanelli Torossi, con testi di Enrico Crispolti, Carlo Alberto Bucci, Cristiana Perrella,
Edizioni Arco Farnese, Roma 1991, ripr. tav. n. 1;
L. Cab., Torna Di Cocco futurista internazionale, in «Arte», n. 223, Milano, novembre 1991, ripr.
p. 26;
Mario Verdone, Francesco Di Cocco, in «Terzocchio», anno XVIII, n. 1, Bologna, marzo 1992,
ripr. p. 27;
Mario Verdone (a cura di), Arti senza frontiere, Edizioni Bora, Bologna 1993, ripr. p. 54;
Futurismo 1909-1944. Arte, architettura, spettacolo, grafica, letteratura, catalogo della mostra, a
cura di Enrico Crispolti, Mazzotta, Milano 2001, ripr. p. 306."
4,1918 pa5,Studio futurista,1918,1918 pa5,pastello su carta,"cm 24,5 x 32,5",no,non noto,non nota,,"1984, Di Cocco nomade, solitario, contemplativo dal futurismo alle strutture di colore puro, Chiesa di S. Paolo, Pinacoteca e Musei Comunali, Macerata.",,,,,,,,,,5,"Recto:
Studio futurista, 1918
Numero d’archivio: 1918 pa5
Tecnica: pastello su carta
Dimensioni: cm 24,5 x 32,5
Segni sul recto: no
Segni sul verso: non noto
Collocazione: non nota
Esposizioni personali:
1984, Di Cocco nomade, solitario, contemplativo dal futurismo alle strutture di colore puro, Chiesa
di S. Paolo, Pinacoteca e Musei Comunali, Macerata."
5,1918 pa1,Strada Viale delle Milizie,1918,1918 pa1,pastello su carta,cm 60x46,«Fr. Di Cocco / 917» in basso a sinistra,non noto,non nota,,,,"Di Cocco nomade, solitario, contemplativo dal futurismo alle strutture di colore puro, catalogo della mostra, a cura di Enrico Crispolti, con note bio-bibliografiche di Daniela Pagliai, Coopedit, Macerata 1984, p. 11, ripr. n. 4, p. 6.",,,,,,,,6,"Recto:
Strada Viale delle Milizie, 1918
Numero d’archivio: 1918 pa1
Tecnica: pastello su carta
Dimensioni: cm 60x46
Segni sul recto: «Fr. Di Cocco / 917» in basso a sinistra
Segni sul verso: non noto
Collocazione: non nota
Bibliografia:
Di Cocco nomade, solitario, contemplativo dal futurismo alle strutture di colore puro, catalogo
della mostra, a cura di Enrico Crispolti, con note bio-bibliografiche di Daniela Pagliai, Coopedit,
Macerata 1984, p. 11, ripr. n. 4, p. 6."
6,1919 pa11,Studio per “Rondini in volo”,1919 ca.,1919 pa11,pastello e gouache su carta,cm 31 x 39,in basso si nota una banda orizzontale probabilmente corrispondente alla striscia visibile sul verso dell’opera,bozza di paesaggio urbano con vagoni del treno ed edifici appena delineati; immagine alterata sui quattro bordi probabilmente a causa dello stacco da una cornice precedente,"Musei Civici di Palazzo Buonaccorsi, Macerata",,"1984, Di Cocco nomade, solitario, contemplativo dal futurismo alle strutture di colore puro, Chiesa di S. Paolo, Pinacoteca e Musei Comunali, Macerata.",,"Di Cocco nomade, solitario, contemplativo dal futurismo alle strutture di colore puro, catalogo della mostra, a cura di Enrico Crispolti, con note bio-bibliografiche di Daniela Pagliai, Coopedit, Macerata 1984, ripr. n. 3, p. 6.",,,,,,,,7-8,"Recto:
Verso:
Studio per “Rondini in volo”, 1919 ca.
Numero d’archivio: 1919 pa11
Tecnica: pastello e gouache su carta
Dimensioni: cm 31 x 39
Segni sul recto: in basso si nota una banda orizzontale probabilmente corrispondente alla striscia
visibile sul verso dell’opera
Segni sul verso: bozza di paesaggio urbano con vagoni del treno ed edifici appena delineati;
immagine alterata sui quattro bordi probabilmente a causa dello stacco da una cornice precedente
Collocazione: Musei Civici di Palazzo Buonaccorsi, Macerata
Esposizioni personali:
1984, Di Cocco nomade, solitario, contemplativo dal futurismo alle strutture di colore puro, Chiesa
di S. Paolo, Pinacoteca e Musei Comunali, Macerata.
Bibliografia:
Di Cocco nomade, solitario, contemplativo dal futurismo alle strutture di colore puro, catalogo
della mostra, a cura di Enrico Crispolti, con note bio-bibliografiche di Daniela Pagliai, Coopedit,
Macerata 1984, ripr. n. 3, p. 6."
7,1919 pa8,Rondini in volo,1919,1919 pa8,pastello e gessetto su carta,cm 49 x 75,«917/Fr. Di Cocco» in basso a destra,non ispezionabile,"collezione privata, Roma",,"1984, Di Cocco nomade, solitario, contemplativo dal futurismo alle strutture di colore puro, Chiesa di S. Paolo, Pinacoteca e Musei Comunali, Macerata;
1991, Francesco Di Cocco. Dal futurismo alla Scuola Romana 1917-1938, Galleria Arco Farnese, Roma;
1996, Francesco Di Cocco. Settant'anni di ricerca dal Futurismo alle strutture di colore puro, Galleria Narciso, Torino.","1985, Il Futurismo a Roma anni Dieci – Quaranta, Galleria Editalia Qui Arte Contemporanea, Roma;
1989, Casa Balla e il Futurismo a Roma, Villa Medici, Roma;
1998, Futurismo. I grandi temi, 1909-1944, Palazzo Ducale, Genova, Fondazione Antonio Mazzotta, Milano;
2001, Futurismo 1909-1944. Arte, architettura, spettacolo, grafica, letteratura, Palazzo delle Esposizioni, Roma;
2001, Der Lärm der Strasse. Italienischer Futurismus 1909-1918, Sprengel Museum, Hannover.","Maria Drudi Gambillo, Teresa Fiori, Archivi del Futurismo, De Luca Editore – Arnoldo Mondadori Editore, Roma 1962, vol. II, ripr. p. 414;
Maurizio Calvesi, Il Futurismo romano, L'Arte Moderna, il futurismo parte seconda, vol. V, n. 41, Fratelli Fabbri Editori, Milano 1967, p. 192;
Di Cocco nomade, solitario, contemplativo dal futurismo alle strutture di colore puro, catalogo della mostra, a cura di Enrico Crispolti, con note bio-bibliografiche di Daniela Pagliai, Coopedit, Macerata 1984, ripr. n. 25, p. 17;
Giorgio Di Genova, Storia dell’arte italiana del ‘900 per generazioni. Generazione primo decennio, Bora, Bologna 1986, ripr. n. 10, p. 26;
Mario Verdone, Francesco Di Cocco, in «Futurismo Oggi», Roma, maggio-giugno 1989, p. 40;
Mario Verdone, Il pittore cineasta amico di Pirandello, in «Il Tempo», Roma, 24 luglio 1989, p. 3;
Casa Balla e il Futurismo a Roma, catalogo della mostra, a cura di Enrico Crispolti, Istituto della Enciclopedia Italiana, Roma 1989, ripr n. E/26, p. 336;
Francesco Di Cocco. Dal futurismo alla Scuola Romana 1917-1938, catalogo della mostra, a cura di Lucia Stefanelli Torossi, con testi di Enrico Crispolti, Carlo Alberto Bucci, Cristiana Perrella, Edizioni Arco Farnese, Roma 1991, ripr. tav. n. 2;
Carlo Pirovano (a cura di), La pittura in Italia. Il Novecento, vol. II, Electa, Milano 1991, ripr. n. 663, p. 475;
Mario Verdone (a cura di), Arti senza frontiere, Edizioni Bora, Bologna 1993, pp. 54-58;
Francesco Di Cocco. Settant'anni di ricerca dal Futurismo alle strutture di colore puro, catalogo della mostra, con testi di Titina Maselli, Enrico Crispolti, Antonio Rava, Carlo Alberto Bucci, Quaderni dell’Archivio Crispolti, Officina Edizioni, Roma 1996, ripr. p. 17;
Futurismo. I grandi temi, 1909-1944, catalogo della mostra, a cura di Enrico Crispolti, Franco Sborgi, Mazzotta, Milano 1997, ripr. n. 1/43, p. 92;
Futurismo 1909-1944. Arte, architettura, spettacolo, grafica, letteratura, catalogo della mostra, a cura di Enrico Crispolti, Mazzotta, Milano 2001, ripr. p. 306;
Der Lärm der Strasse. Italienischer Futurismus 1909-1918, catalogo della mostra, a cura di Norbert Nobis, Mazzotta, Milano 2001, ripr. p. 195.","Compare nella letteratura anche con il titolo «Volo di Rondini». Come ricostruito da Bucci (1991), mentre la firma, eseguita con pastello nero, è contemporanea all'opera, la data «1917» è stata apposta da Di Cocco in un secondo momento. In una serie di foto del periodo, infatti, la datazione non compare. In una lettera del 29 agosto 1919 Di Cocco scrive a Leonardo Castellani: «Vedrò di fotografare quel giro di rondini, ma vorrei rifarlo, vedrò». Una datazione intorno al 1919 è peraltro formulata negli Archivi del Futurismo del 1962, quando l'artista non aveva ancora aggiunto la data. Del 1919 è il breve componimento poetico di Di Cocco dal titolo Volo di Rondini.",,,,,,,8-10,"Recto:
Rondini in volo, 1919
Numero d’archivio: 1919 pa8
Tecnica: pastello e gessetto su carta
Dimensioni: cm 49 x 75
Segni sul recto: «917/Fr. Di Cocco» in basso a destra
Segni sul verso: non ispezionabile
Collocazione: collezione privata, Roma
Esposizioni personali:
1984, Di Cocco nomade, solitario, contemplativo dal futurismo alle strutture di colore puro, Chiesa
di S. Paolo, Pinacoteca e Musei Comunali, Macerata;
1991, Francesco Di Cocco. Dal futurismo alla Scuola Romana 1917-1938, Galleria Arco Farnese,
Roma;
1996, Francesco Di Cocco. Settant'anni di ricerca dal Futurismo alle strutture di colore puro,
Galleria Narciso, Torino.
Esposizioni collettive:
1985, Il Futurismo a Roma anni Dieci – Quaranta, Galleria Editalia Qui Arte Contemporanea,
Roma;
1989, Casa Balla e il Futurismo a Roma, Villa Medici, Roma;
1998, Futurismo. I grandi temi, 1909-1944, Palazzo Ducale, Genova, Fondazione Antonio
Mazzotta, Milano;
2001, Futurismo 1909-1944. Arte, architettura, spettacolo, grafica, letteratura, Palazzo delle
Esposizioni, Roma;
2001, Der Lärm der Strasse. Italienischer Futurismus 1909-1918, Sprengel Museum, Hannover.
Bibliografia:
Maria Drudi Gambillo, Teresa Fiori, Archivi del Futurismo, De Luca Editore – Arnoldo Mondadori
Editore, Roma 1962, vol. II, ripr. p. 414;
Maurizio Calvesi, Il Futurismo romano, L'Arte Moderna, il futurismo parte seconda, vol. V, n. 41,
Fratelli Fabbri Editori, Milano 1967, p. 192;
Di Cocco nomade, solitario, contemplativo dal futurismo alle strutture di colore puro, catalogo
della mostra, a cura di Enrico Crispolti, con note bio-bibliografiche di Daniela Pagliai, Coopedit,
Macerata 1984, ripr. n. 25, p. 17;
Giorgio Di Genova, Storia dell’arte italiana del ‘900 per generazioni. Generazione primo
decennio, Bora, Bologna 1986, ripr. n. 10, p. 26;
Mario Verdone, Francesco Di Cocco, in «Futurismo Oggi», Roma, maggio-giugno 1989, p. 40;
Mario Verdone, Il pittore cineasta amico di Pirandello, in «Il Tempo», Roma, 24 luglio 1989, p. 3;
Casa Balla e il Futurismo a Roma, catalogo della mostra, a cura di Enrico Crispolti, Istituto della
Enciclopedia Italiana, Roma 1989, ripr n. E/26, p. 336;
Francesco Di Cocco. Dal futurismo alla Scuola Romana 1917-1938, catalogo della mostra, a cura
di Lucia Stefanelli Torossi, con testi di Enrico Crispolti, Carlo Alberto Bucci, Cristiana Perrella,
Edizioni Arco Farnese, Roma 1991, ripr. tav. n. 2;
Carlo Pirovano (a cura di), La pittura in Italia. Il Novecento, vol. II, Electa, Milano 1991, ripr. n.
663, p. 475;
Mario Verdone (a cura di), Arti senza frontiere, Edizioni Bora, Bologna 1993, pp. 54-58;
Francesco Di Cocco. Settant'anni di ricerca dal Futurismo alle strutture di colore puro, catalogo
della mostra, con testi di Titina Maselli, Enrico Crispolti, Antonio Rava, Carlo Alberto Bucci,
Quaderni dell’Archivio Crispolti, Officina Edizioni, Roma 1996, ripr. p. 17;
Futurismo. I grandi temi, 1909-1944, catalogo della mostra, a cura di Enrico Crispolti, Franco
Sborgi, Mazzotta, Milano 1997, ripr. n. 1/43, p. 92;
Futurismo 1909-1944. Arte, architettura, spettacolo, grafica, letteratura, catalogo della mostra, a
cura di Enrico Crispolti, Mazzotta, Milano 2001, ripr. p. 306;
Der Lärm der Strasse. Italienischer Futurismus 1909-1918, catalogo della mostra, a cura di Norbert
Nobis, Mazzotta, Milano 2001, ripr. p. 195.
Note:
Compare nella letteratura anche con il titolo «Volo di Rondini». Come ricostruito da Bucci (1991),
mentre la firma, eseguita con pastello nero, è contemporanea all'opera, la data «1917» è stata
apposta da Di Cocco in un secondo momento. In una serie di foto del periodo, infatti, la datazione
non compare. In una lettera del 29 agosto 1919 Di Cocco scrive a Leonardo Castellani: «Vedrò di
fotografare quel giro di rondini, ma vorrei rifarlo, vedrò». Una datazione intorno al 1919 è peraltro
formulata negli Archivi del Futurismo del 1962, quando l'artista non aveva ancora aggiunto la data.
Del 1919 è il breve componimento poetico di Di Cocco dal titolo Volo di Rondini."
8,1919 pa2,Albero e luce,1919-20,1919 pa2,pastello e gessetti su carta,cm 59x49,"firmato e datato in basso a sinistra: «Di Cocco 919»,",non ispezionabile,"collezione privata, Roma",,"1984, Di Cocco nomade, solitario, contemplativo dal futurismo alle strutture di colore puro, Chiesa di S. Paolo, Pinacoteca e Musei Comunali, Macerata;
1991, Francesco Di Cocco. Dal futurismo alla Scuola Romana 1917-1938, Galleria Arco Farnese, Roma.
1996, Francesco Di Cocco. Settant'anni di ricerca dal Futurismo alle strutture di colore puro, Galleria Narciso, Torino.","1989, Casa Balla e il Futurismo a Roma, Villa Medici, Roma;
1998, Roma 1918-1943, Chiostro del Bramante, Roma.","Di Cocco nomade, solitario, contemplativo dal futurismo alle strutture di colore puro, catalogo della mostra, a cura di Enrico Crispolti, con note biobibliografiche di Daniela Pagliai, Coopedit, Macerata 1984, p. 10, ripr. n. 2, p. 4;
Enrico Crispolti, Una riscoperta: Di Cocco, in «La Vernice», a. XXIII, n. 5, ottobre – novembre 1984, ripr. p. 35;
Casa Balla e il Futurismo a Roma, catalogo della mostra, a cura di Enrico Crispolti, Istituto della Enciclopedia Italiana, Roma 1989, ripr. n. E/27, p. 336;
Domenico Guzzi, Balla e compagni: la magnificenza del mondo, in «Arte», Milano, n. 193, febbraio 1989, ripr. p. 64;
Francesco Di Cocco. Dal futurismo alla Scuola Romana 1917-1938, catalogo della mostra, a cura di Lucia Stefanelli Torossi, con testi di Enrico Crispolti, Carlo Alberto Bucci, Cristiana Perrella, Edizioni Arco Farnese, Roma 1991, ripr. tav. n. 3;
Roma 1918-1943, catalogo della mostra, a cura di Fabio Benzi, Gianni Mercurio, Luigi Prisco, Viviani, Roma 1998, ripr. p. 238.",,,,,,,,11-12,"Recto:
Albero e luce, 1919-20
Numero d’archivio: 1919 pa2
Tecnica: pastello e gessetti su carta
Dimensioni: cm 59x49
Segni sul recto: firmato e datato in basso a sinistra: «Di Cocco 919»,
Segni sul verso: non ispezionabile
Collocazione: collezione privata, Roma
Esposizioni personali:
1984, Di Cocco nomade, solitario, contemplativo dal futurismo alle strutture di colore puro, Chiesa
di S. Paolo, Pinacoteca e Musei Comunali, Macerata;
1991, Francesco Di Cocco. Dal futurismo alla Scuola Romana 1917-1938, Galleria Arco Farnese,
Roma.
1996, Francesco Di Cocco. Settant'anni di ricerca dal Futurismo alle strutture di colore puro,
Galleria Narciso, Torino.
Esposizioni collettive:
1989, Casa Balla e il Futurismo a Roma, Villa Medici, Roma;
1998, Roma 1918-1943, Chiostro del Bramante, Roma.
Bibliografia:
Di Cocco nomade, solitario, contemplativo dal futurismo alle strutture di colore puro, catalogo
della mostra, a cura di Enrico Crispolti, con note biobibliografiche di Daniela Pagliai, Coopedit,
Macerata 1984, p. 10, ripr. n. 2, p. 4;
Enrico Crispolti, Una riscoperta: Di Cocco, in «La Vernice», a. XXIII, n. 5, ottobre – novembre
1984, ripr. p. 35;
Casa Balla e il Futurismo a Roma, catalogo della mostra, a cura di Enrico Crispolti, Istituto della
Enciclopedia Italiana, Roma 1989, ripr. n. E/27, p. 336;
Domenico Guzzi, Balla e compagni: la magnificenza del mondo, in «Arte», Milano, n. 193,
febbraio 1989, ripr. p. 64;
Francesco Di Cocco. Dal futurismo alla Scuola Romana 1917-1938, catalogo della mostra, a cura
di Lucia Stefanelli Torossi, con testi di Enrico Crispolti, Carlo Alberto Bucci, Cristiana Perrella,
Edizioni Arco Farnese, Roma 1991, ripr. tav. n. 3;
Roma 1918-1943, catalogo della mostra, a cura di Fabio Benzi, Gianni Mercurio, Luigi Prisco,
Viviani, Roma 1998, ripr. p. 238."
9,1923 pa15,[Studio di paesaggio],1923 ca.,1923 pa15,gessetti su carta,"cm 50,3 x 65",no,non ispezionabile,"collezione privata, Roma",,"1991, Francesco Di Cocco. Dal futurismo alla Scuola Romana 1917-1938, Galleria Arco Farnese, Roma.
1996, Francesco Di Cocco. Settant'anni di ricerca dal Futurismo alle strutture di colore puro, Galleria Narciso, Torino.",,"Francesco Di Cocco. Dal futurismo alla Scuola Romana 1917-1938, catalogo della mostra, a cura di Lucia Stefanelli Torossi, con testi di Enrico Crispolti, Carlo Alberto Bucci, Cristiana Perrella, Edizioni Arco Farnese, Roma 1991, ripr. tav. n. 4.",,,,,,,,13,"[Studio di paesaggio], 1923 ca.
Numero d’archivio: 1923 pa15
Tecnica: gessetti su carta
Dimensioni: cm 50,3 x 65
Segni sul recto: no
Segni sul verso: non ispezionabile
Collocazione: collezione privata, Roma
Esposizioni personali:
1991, Francesco Di Cocco. Dal futurismo alla Scuola Romana 1917-1938, Galleria Arco Farnese,
Roma.
1996, Francesco Di Cocco. Settant'anni di ricerca dal Futurismo alle strutture di colore puro,
Galleria Narciso, Torino.
Bibliografia:
Francesco Di Cocco. Dal futurismo alla Scuola Romana 1917-1938, catalogo della mostra, a cura
di Lucia Stefanelli Torossi, con testi di Enrico Crispolti, Carlo Alberto Bucci, Cristiana Perrella,
Edizioni Arco Farnese, Roma 1991, ripr. tav. n. 4."
10,1923 p251,Autoritratto,1923 ca.,1923 p251,olio su tela,cm 40 x 35,no,non noto,"collezione Ovidio Jacorossi, Roma",,"1984, Di Cocco nomade, solitario, contemplativo dal futurismo alle strutture di colore puro, Chiesa di S. Paolo, Pinacoteca e Musei Comunali, Macerata;
1991, Francesco Di Cocco. Dal futurismo alla Scuola Romana 1917-1938, Galleria Arco Farnese, Roma.","1988, Scuola Romana. Artisti tra le due guerre, Palazzo Reale, Milano;
1990, Roma anni Venti. Pittura scultura e arti applicate, Palazzo Rondanini, Roma.","Di Cocco nomade, solitario, contemplativo dal futurismo alle strutture di colore puro, catalogo della mostra, a cura di Enrico Crispolti, con note biobibliografiche di Daniela Pagliai, Coopedit, Macerata 1984, p. 12, ripr. n. 6, p. 7;
Scuola Romana. Artisti tra le due guerre, catalogo della mostra, a cura di Maurizio Fagiolo dell'Arco, Mazzotta, Milano 1988, ripr. n. 128, p. 163;
Realismo magico. Pittura e scultura in Italia 1919-1925, catalogo della mostra, a cura di Maurizio Fagiolo dell’Arco, Mazzotta, Milano 1988, ripr. p. 300;
Cristiana Perrella, Francesco Di Cocco: attraverso la grande pittura del secolo, in «Idea», Roma, maggio-giugno 1989, ripr. p. 45;
Roma anni Venti. Pittura scultura e arti applicate, catalogo della mostra, a cura di Valerio Rivosecchi, Regione Lazio, Roma 1990, ripr. p. 60;
Francesco Di Cocco. Dal futurismo alla Scuola Romana 1917-1938, catalogo della mostra, a cura di Lucia Stefanelli Torossi, con testi di Enrico Crispolti, Carlo Alberto Bucci, Cristiana Perrella, Edizioni Arco Farnese, Roma 1991, ripr. tav. n. 5;
Ludovico Pratesi, Percorso metropolitano sulla via del Novecento d’arte, in «La Repubblica», Roma, 16 novembre 1991, ripr.",,,,,,,,14-15,"Recto:
Autoritratto, 1923 ca.
Numero d’archivio: 1923 p251
Tecnica: olio su tela
Dimensioni: cm 40 x 35
Segni sul recto: no
Segni sul verso: non noto
Collocazione: collezione Ovidio Jacorossi, Roma
Esposizioni personali:
1984, Di Cocco nomade, solitario, contemplativo dal futurismo alle strutture di colore puro, Chiesa
di S. Paolo, Pinacoteca e Musei Comunali, Macerata;
1991, Francesco Di Cocco. Dal futurismo alla Scuola Romana 1917-1938, Galleria Arco Farnese,
Roma.
Esposizioni collettive:
1988, Scuola Romana. Artisti tra le due guerre, Palazzo Reale, Milano;
1990, Roma anni Venti. Pittura scultura e arti applicate, Palazzo Rondanini, Roma.
Bibliografia:
Di Cocco nomade, solitario, contemplativo dal futurismo alle strutture di colore puro, catalogo
della mostra, a cura di Enrico Crispolti, con note biobibliografiche di Daniela Pagliai, Coopedit,
Macerata 1984, p. 12, ripr. n. 6, p. 7;
Scuola Romana. Artisti tra le due guerre, catalogo della mostra, a cura di Maurizio Fagiolo
dell'Arco, Mazzotta, Milano 1988, ripr. n. 128, p. 163;
Realismo magico. Pittura e scultura in Italia 1919-1925, catalogo della mostra, a cura di Maurizio
Fagiolo dell’Arco, Mazzotta, Milano 1988, ripr. p. 300;
Cristiana Perrella, Francesco Di Cocco: attraverso la grande pittura del secolo, in «Idea», Roma,
maggio-giugno 1989, ripr. p. 45;
Roma anni Venti. Pittura scultura e arti applicate, catalogo della mostra, a cura di Valerio
Rivosecchi, Regione Lazio, Roma 1990, ripr. p. 60;
Francesco Di Cocco. Dal futurismo alla Scuola Romana 1917-1938, catalogo della mostra, a cura
di Lucia Stefanelli Torossi, con testi di Enrico Crispolti, Carlo Alberto Bucci, Cristiana Perrella,
Edizioni Arco Farnese, Roma 1991, ripr. tav. n. 5;
Ludovico Pratesi, Percorso metropolitano sulla via del Novecento d’arte, in «La Repubblica»,
Roma, 16 novembre 1991, ripr."
11,1923 p20,Ritratto d'uomo con fazzoletto al collo,1923-1926,1923 p20,olio su tavola,"cm 50x37,5",no,in alto a sinistra il numero d’archivio «P 20»,"collezione privata, Roma",,,,,,,,,,,,16,"Recto:
Verso:
Ritratto d'uomo con fazzoletto al collo, 1923-1926
Numero d’archivio: 1923 p20
Tecnica: olio su tavola
Dimensioni: cm 50x37,5
Segni sul recto: no
Segni sul verso: in alto a sinistra il numero d’archivio «P 20»
Collocazione: collezione privata, Roma"
12,1924 p304 (a) e (b),[Autoritratto],1924 ca.,1924 p304 (a),olio su tela,cm 76x57,«Fr Di Cocco/924» in basso a sinistra,cfr. scheda 1924 p 304 (b),"collezione privata, Roma",,"1991, Francesco Di Cocco. Dal futurismo alla Scuola Romana 1917-1938, Galleria Arco Farnese, Roma.
1996, Francesco Di Cocco. Settant'anni di ricerca dal Futurismo alle strutture di colore puro, Galleria Narciso, Torino.","1926, Prima Mostra del Novecento italiano, Palazzo della Permanente, Milano (cfr. Note).","Catalogo della prima Mostra del Novecento italiano, catalogo della mostra, prefazione di Margherita Sarfatti, Arti grafiche E. Gualdoni, Milano 1926, sala VIII, n. 5, p. 39 (cfr. Note);
Augusto Vicinelli, La mostra del Novecento, in «Coscentia», Roma, 27 marzo 1926;
Rossana Bossaglia, Il “Novecento Italiano”. Storia, documenti, iconografia, appendici di Claudia Gian Ferrari e di Marco Lorandi, Feltrinelli, Milano 1979, p. 167;
Di Cocco nomade, solitario, contemplativo dal futurismo alle strutture di colore puro, catalogo della mostra, a cura di Enrico Crispolti, con note biobibliografiche di Daniela Pagliai, Coopedit, Macerata 1984, p. 34;
Francesco Di Cocco. Dal futurismo alla Scuola Romana 1917-1938, catalogo della mostra, a cura di Lucia Stefanelli Torossi, con testi di Enrico Crispolti, Carlo Alberto Bucci, Cristiana Perrella, Edizioni Arco Farnese, Roma 1991, ripr. tav. n. 7;
Mario Verdone, Un pittore e cineasta romano: Francesco Di Cocco, in «Strenna dei Romanisti. Natale di Roma», Roma, 1992, ripr. p. 635.","Restauro Antonio Rava, 1990. Come ricostruito da Bucci (1991), Il dipinto è stato eseguito sul retro di una tela già utilizzata per Ritratto della madre. Si tratta probabilmente del dipinto inviato all'ultimo momento alla Prima Mostra del Novecento italiano al posto del previsto Cristo e i pescatori. Bossaglia (1979, p. 167), scrive nella schedatura dei documenti degli Archivi del Novecento: ""20.1.26 biglietto di Francesco Di Cocco per la sostituzione del dipinto previsto in mostra con Autoritratto"". Nel 1984 Di Cocco avrebbe ricordato: ""mandai quella Madonnina e quell'Autoritratto [che] pure non era un gran che... un po' rembrandtiano mi ricordo"" (Macerata, 1984, p. 34). Il riferimento al Seicento veniva già colto in una recensione di Augusto Vicinelli, che parlava per la pittura di Di Cocco, di un ""rinascimento baroccheggiante"" (A. Vicinelli, in ""Conscentia"", Roma, 27 marzo 1926). Tra le opere note di Di Cocco, questo è l'unico Autoritratto precedente al gennaio 1926 associabile al Seicento e a Rembrandt.",,,,,,,17-18,"Recto:
Verso:
[Autoritratto], 1924 ca.
Numero d’archivio: 1924 p304 (a)
Tecnica: olio su tela
Dimensioni: cm 76x57
Segni sul recto: «Fr Di Cocco/924» in basso a sinistra
Segni sul verso: cfr. scheda 1924 p 304 (b)
Collocazione: collezione privata, Roma
Esposizioni personali:
1991, Francesco Di Cocco. Dal futurismo alla Scuola Romana 1917-1938, Galleria Arco Farnese,
Roma.
1996, Francesco Di Cocco. Settant'anni di ricerca dal Futurismo alle strutture di colore puro,
Galleria Narciso, Torino.
Esposizioni collettive:
1926, Prima Mostra del Novecento italiano, Palazzo della Permanente, Milano (cfr. Note).
Bibliografia:
Catalogo della prima Mostra del Novecento italiano, catalogo della mostra, prefazione di
Margherita Sarfatti, Arti grafiche E. Gualdoni, Milano 1926, sala VIII, n. 5, p. 39 (cfr. Note);
Augusto Vicinelli, La mostra del Novecento, in «Coscentia», Roma, 27 marzo 1926;
Rossana Bossaglia, Il “Novecento Italiano”. Storia, documenti, iconografia, appendici di Claudia
Gian Ferrari e di Marco Lorandi, Feltrinelli, Milano 1979, p. 167;
Di Cocco nomade, solitario, contemplativo dal futurismo alle strutture di colore puro, catalogo
della mostra, a cura di Enrico Crispolti, con note biobibliografiche di Daniela Pagliai, Coopedit,
Macerata 1984, p. 34;
Francesco Di Cocco. Dal futurismo alla Scuola Romana 1917-1938, catalogo della mostra, a cura
di Lucia Stefanelli Torossi, con testi di Enrico Crispolti, Carlo Alberto Bucci, Cristiana Perrella,
Edizioni Arco Farnese, Roma 1991, ripr. tav. n. 7;
Mario Verdone, Un pittore e cineasta romano: Francesco Di Cocco, in «Strenna dei Romanisti.
Natale di Roma», Roma, 1992, ripr. p. 635.
Note:
Restauro Antonio Rava, 1990. Come ricostruito da Bucci (1991), Il dipinto è stato eseguito sul retro
di una tela già utilizzata per Ritratto della madre. Si tratta probabilmente del dipinto inviato
all'ultimo momento alla Prima Mostra del Novecento italiano al posto del previsto Cristo e i
pescatori. Bossaglia (1979, p. 167), scrive nella schedatura dei documenti degli Archivi del
Novecento: ""20.1.26 biglietto di Francesco Di Cocco per la sostituzione del dipinto previsto in
mostra con Autoritratto"". Nel 1984 Di Cocco avrebbe ricordato: ""mandai quella Madonnina e
quell'Autoritratto [che] pure non era un gran che... un po' rembrandtiano mi ricordo"" (Macerata,
1984, p. 34). Il riferimento al Seicento veniva già colto in una recensione di Augusto Vicinelli, che
parlava per la pittura di Di Cocco, di un ""rinascimento baroccheggiante"" (A. Vicinelli, in
""Conscentia"", Roma, 27 marzo 1926). Tra le opere note di Di Cocco, questo è l'unico Autoritratto
precedente al gennaio 1926 associabile al Seicento e a Rembrandt.
[Ritratto della madre], 1923 ca.
Numero d’archivio: 1923 p304 (b)
Tecnica: olio su tela
Dimensioni: cm 76 x 57
Segni sul recto: tela lasciata a vista nell’angolo in basso a destra
Segni sul verso: cfr. scheda 1924 p 304 (a)
Collocazione: collezione privata, Roma
Esposizioni personali:
1991, Francesco Di Cocco. Dal futurismo alla Scuola Romana 1917-1938, Galleria Arco Farnese,
Roma;
1996, Francesco Di Cocco. Settant'anni di ricerca dal Futurismo alle strutture di colore puro,
Galleria Narciso, Torino.
Bibliografia:
Francesco Di Cocco. Dal futurismo alla Scuola Romana 1917-1938, catalogo della mostra, a cura
di Lucia Stefanelli Torossi, con testi di Enrico Crispolti, Carlo Alberto Bucci, Cristiana Perrella,
Edizioni Arco Farnese, Roma 1991, ripr. tav. n. 6.
Note:
La data è stata attribuita da Bucci (1991) sulla base di due considerazioni: l’opera, incompiuta, è
assai vicina formalmente all’Autoritratto (1923 p 251), che Di Cocco ha datato 1923 in occasione
della mostra del 1984; inoltre, essendo l’opera incompiuta e riportando sul verso l’Autoritratto del
1924, probabilmente è stata realizzata in precedenza, ovvero prima che l’artista decidesse di
riciclare la tela. L'identificazione della persona ritratta è resa possibile dal confronto con alcune
fotografie di Adele Ciani, madre dell'artista."
13,1924 p304 (a) e (b),[Ritratto della madre],1923 ca.,1923 p304 (b),olio su tela,cm 76 x 57,tela lasciata a vista nell’angolo in basso a destra,cfr. scheda 1924 p 304 (a),"collezione privata, Roma",,"1991, Francesco Di Cocco. Dal futurismo alla Scuola Romana 1917-1938, Galleria Arco Farnese, Roma;
1996, Francesco Di Cocco. Settant'anni di ricerca dal Futurismo alle strutture di colore puro, Galleria Narciso, Torino.",,"Francesco Di Cocco. Dal futurismo alla Scuola Romana 1917-1938, catalogo della mostra, a cura di Lucia Stefanelli Torossi, con testi di Enrico Crispolti, Carlo Alberto Bucci, Cristiana Perrella, Edizioni Arco Farnese, Roma 1991, ripr. tav. n. 6.","La data è stata attribuita da Bucci (1991) sulla base di due considerazioni: l’opera, incompiuta, è assai vicina formalmente all’Autoritratto (1923 p 251), che Di Cocco ha datato 1923 in occasione della mostra del 1984; inoltre, essendo l’opera incompiuta e riportando sul verso l’Autoritratto del 1924, probabilmente è stata realizzata in precedenza, ovvero prima che l’artista decidesse di riciclare la tela. L'identificazione della persona ritratta è resa possibile dal confronto con alcune fotografie di Adele Ciani, madre dell'artista.",,,,,,,17-19,"Recto:
Le balie o Donne e Bambini, 1924
Numero d’archivio: 1924 p239
Tecnica: olio su tela
Dimensioni: cm 110 x 130
Segni sul recto: no
Segni sul verso: non noto
Collocazione: Galleria Nazionale d’Arte Moderna e Contemporanea, Roma
Esposizioni personali:
1925, Terza Biennale Romana. Esposizione Internazionale di Belle Arti, Palazzo delle Esposizioni,
Roma, sala V;
1991, Francesco Di Cocco. Dal futurismo alla Scuola Romana 1917-1938, Galleria Arco Farnese,
Roma.
Esposizioni collettive:
2012, Artisti a Villa Strohl-Fern. Luogo d'arte e di incontri a Roma tra il 1880 e il 1956, Casino dei
Principi.
Bibliografia:
Terza Biennale Romana. Esposizione Internazionale di Belle Arti, catalogo della mostra, Casa
Editrice d’Arte Enzo Pinci, Roma 1925, sala V, n. 16, p. 33 (con il titolo Donne e bambini);
Di Cocco nomade, solitario, contemplativo dal Futurismo alle strutture di colore puro, catalogo
della mostra, a cura di Enrico Crispolti, con note bio-bibliografiche di Daniela Pagliai, Coopedit,
Macerata 1984, ripr. n. 7, p. 8;
Realismo magico. Pittura e scultura in Italia 1919-1925, catalogo della mostra, a cura di Maurizio
Fagiolo dell’Arco, Mazzotta, Milano 1988, ripr. p. 300;
Cristiana Perrella, Francesco Di Cocco: attraverso la grande pittura del secolo, in «Idea», Roma,
maggio-giugno 1989, ripr. p. 43;
Mario Verdone, Francesco Di Cocco, in «Futurismo Oggi», Roma, maggio-giugno 1989, p. 40;
Francesco Di Cocco. Dal futurismo alla Scuola Romana 1917-1938, catalogo della mostra, a cura
di Lucia Stefanelli Torossi, con testi di Enrico Crispolti, Carlo Alberto Bucci, Cristiana Perrella,
Edizioni Arco Farnese, Roma 1991, ripr. tav. n. 12;
Artisti a Villa Strohl-Fern. Luogo d'arte e di incontri a Roma tra il 1880 e il 1956, catalogo della
mostra, a cura di Giovanna Caterina de Feo, Gloria Raimondi, Gangemi, Roma 2012, ripr. n. 57, p.
114."
14,1924 p239,Le balie o Donne e Bambini,1924,1924 p239,olio su tela,cm 110 x 130,no,non noto,"Galleria Nazionale d’Arte Moderna e Contemporanea, Roma",,"1925, Terza Biennale Romana. Esposizione Internazionale di Belle Arti, Palazzo delle Esposizioni, Roma, sala V;
1991, Francesco Di Cocco. Dal futurismo alla Scuola Romana 1917-1938, Galleria Arco Farnese, Roma.","2012, Artisti a Villa Strohl-Fern. Luogo d'arte e di incontri a Roma tra il 1880 e il 1956, Casino dei Principi.","Terza Biennale Romana. Esposizione Internazionale di Belle Arti, catalogo della mostra, Casa Editrice d’Arte Enzo Pinci, Roma 1925, sala V, n. 16, p. 33 (con il titolo Donne e bambini);
Di Cocco nomade, solitario, contemplativo dal Futurismo alle strutture di colore puro, catalogo della mostra, a cura di Enrico Crispolti, con note bio-bibliografiche di Daniela Pagliai, Coopedit, Macerata 1984, ripr. n. 7, p. 8;
Realismo magico. Pittura e scultura in Italia 1919-1925, catalogo della mostra, a cura di Maurizio Fagiolo dell’Arco, Mazzotta, Milano 1988, ripr. p. 300;
Cristiana Perrella, Francesco Di Cocco: attraverso la grande pittura del secolo, in «Idea», Roma, maggio-giugno 1989, ripr. p. 43;
Mario Verdone, Francesco Di Cocco, in «Futurismo Oggi», Roma, maggio-giugno 1989, p. 40;
Francesco Di Cocco. Dal futurismo alla Scuola Romana 1917-1938, catalogo della mostra, a cura di Lucia Stefanelli Torossi, con testi di Enrico Crispolti, Carlo Alberto Bucci, Cristiana Perrella, Edizioni Arco Farnese, Roma 1991, ripr. tav. n. 12;
Artisti a Villa Strohl-Fern. Luogo d'arte e di incontri a Roma tra il 1880 e il 1956, catalogo della mostra, a cura di Giovanna Caterina de Feo, Gloria Raimondi, Gangemi, Roma 2012, ripr. n. 57, p. 114.",,,,,,,,19-20,"Recto:
Verso:
Sacra famiglia, 1924
Numero d’archivio: 1924 p99 (a) e (b)
Tecnica: olio su cartone
Dimensioni: cm 34,5 x 34
Segni sul recto: no
Segni sul verso: studio a olio raffigurante una testa femminile e una maschile; tratti preparatori a
matita; presenza di macchie di colore e residui di intonaco; cartellino adesivo in alto a sinistra che
riporta il numero d’archivio «P. 99»
Collocazione: collezione privata, Roma
Bibliografia:
Francesco Di Cocco. Dal futurismo alla Scuola Romana 1917-1938, catalogo della mostra, a cura
di Lucia Stefanelli Torossi, con testi di Enrico Crispolti, Carlo Alberto Bucci, Cristiana Perrella,
Edizioni Arco Farnese, Roma 1991, ripr. p. 134.
Note:
Restauro Antonio Rava, 1991."
15,1924 p99 (a) e (b),Sacra famiglia,1924,1924 p99 (a) e (b),olio su cartone,"cm 34,5 x 34",no,studio a olio raffigurante una testa femminile e una maschile; tratti preparatori a matita; presenza di macchie di colore e residui di intonaco; cartellino adesivo in alto a sinistra che riporta il numero d’archivio «P. 99»,"collezione privata, Roma",,,,"Francesco Di Cocco. Dal futurismo alla Scuola Romana 1917-1938, catalogo della mostra, a cura di Lucia Stefanelli Torossi, con testi di Enrico Crispolti, Carlo Alberto Bucci, Cristiana Perrella, Edizioni Arco Farnese, Roma 1991, ripr. p. 134.","Restauro Antonio Rava, 1991.",,,,,,,21-22,"Paesaggio con castello e cavalieri, 1924 ca.
Numero d’archivio: 1924 p150
Note:
opera documentata presso l’Archivio E. Crispolti, originale non noto, dal confronto stilistico
dell’albero presente sulla sinistra, l’opera può essere datata 1924 ca. (cfr. 1924 p98)."
16,1924 p150,Paesaggio con castello e cavalieri,1924 ca.,1924 p150,,,,,,,,,,"opera documentata presso l’Archivio E. Crispolti, originale non noto, dal confronto stilistico dell’albero presente sulla sinistra, l’opera può essere datata 1924 ca. (cfr. 1924 p98).",,,,,,,22,"Recto:
Verso:
[Paesaggio con figure], 1924
Numero d’archivio: 1924 p98
Tecnica: olio su cartone
Dimensioni: cm 44,3 x 30,7
Segni sul recto: in basso a destra «Fr Di Cocco/924»
Segni sul verso: cartellino adesivo in alto a destra con il numero d’archivio «P. 98»
Collocazione: collezione privata, Roma
Esposizioni personali:
1991, Francesco Di Cocco. Dal futurismo alla Scuola Romana 1917-1938, Galleria Arco Farnese,
Roma;
1996, Francesco Di Cocco. Settant'anni di ricerca dal Futurismo alle strutture di colore puro,
Galleria Narciso, Torino.
Esposizioni collettive:
[Prima Mostra del Novecento italiano, Palazzo della Permanente, Milano, febbraio – marzo 1926,
sala VIII].
Bibliografia:
[Catalogo della prima Mostra del Novecento italiano, catalogo della mostra, prefazione di
Margherita Sarfatti, Arti grafiche E. Gualdoni, Milano 1926, sala VIII, n. 12, p. 39];
Francesco Di Cocco. Dal futurismo alla Scuola Romana 1917-1938, catalogo della mostra, a cura
di Lucia Stefanelli Torossi, con testi di Enrico Crispolti, Carlo Alberto Bucci, Cristiana Perrella,
Edizioni Arco Farnese, Roma 1991, ripr. tav. n. 11.
Note:
L’opera può essere identificata con il Paesaggio esposto alla Prima Mostra del Novecento italiano,
insieme alle opere: Madonnina e Autoritratto. Bucci (1991) infatti, osserva come, analogamente
alla Madonnina, l’opera attesti l’adesione di Di Cocco all’ideale dell’antico rappresentato dalla
pittura veneziana del primo Cinquecento, sia sul piano coloristico sia su quello iconografico e la
pennellata pastosa trova riscontro anche nel coevo Autoritratto di ascendenza rembrandtiana."
17,1924 p98,[Paesaggio con figure],1924,1924 p98,olio su cartone,"cm 44,3 x 30,7",in basso a destra «Fr Di Cocco/924»,cartellino adesivo in alto a destra con il numero d’archivio «P. 98»,"collezione privata, Roma",,"1991, Francesco Di Cocco. Dal futurismo alla Scuola Romana 1917-1938, Galleria Arco Farnese, Roma;
1996, Francesco Di Cocco. Settant'anni di ricerca dal Futurismo alle strutture di colore puro, Galleria Narciso, Torino.","[Prima Mostra del Novecento italiano, Palazzo della Permanente, Milano, febbraio – marzo 1926, sala VIII].","[Catalogo della prima Mostra del Novecento italiano, catalogo della mostra, prefazione di Margherita Sarfatti, Arti grafiche E. Gualdoni, Milano 1926, sala VIII, n. 12, p. 39];
Francesco Di Cocco. Dal futurismo alla Scuola Romana 1917-1938, catalogo della mostra, a cura di Lucia Stefanelli Torossi, con testi di Enrico Crispolti, Carlo Alberto Bucci, Cristiana Perrella, Edizioni Arco Farnese, Roma 1991, ripr. tav. n. 11.","L’opera può essere identificata con il Paesaggio esposto alla Prima Mostra del Novecento italiano, insieme alle opere: Madonnina e Autoritratto. Bucci (1991) infatti, osserva come, analogamente alla Madonnina, l’opera attesti l’adesione di Di Cocco all’ideale dell’antico rappresentato dalla pittura veneziana del primo Cinquecento, sia sul piano coloristico sia su quello iconografico e la pennellata pastosa trova riscontro anche nel coevo Autoritratto di ascendenza rembrandtiana.",,,,,,,23-24,"Recto:
Verso:
[Scena biblica], [1924-1925 ca.]
Numero d’archivio: 1924 p276
Tecnica: olio su cartone
Dimensioni: cm 39 x 26,2
Segni sul recto: no
Segni sul verso: cartellino adesivo in alto a destra con il numero d’archivio «P. 276»; nella parte
inferiore si nota uno strato di pellicola pittorica in malora, probabilmente segno di un disegno
precedente
Collocazione: collezione privata, Roma
Note:
La datazione del tutto ipotetica si basa su osservazioni stilistiche (la pittura nervosa delle figure in
relazione al paesaggio, paragonabile ad opere come Natura morta cfr. 1924 p15 e soprattutto
Paesaggio con figure 1924 p98); su considerazioni iconografiche (il tema sacro diventa
preponderante da opere come La Sacra Famiglia 1924 p99, Madonnina 1924 p224 fino a Cristo e i
pescatori 1925 p175); e la tendenza all’utilizzo del formato ovale che corrisponde alla tendenza
attorno al 1924-1925 a concentrare la composizione in un ovale centrale (Autoritratto 1924 p304, la
Sacra Famiglia cit.)."
18,1924 p276,[Scena biblica],[1924-1925 ca.],1924 p276,olio su cartone,"cm 39 x 26,2",no,"cartellino adesivo in alto a destra con il numero d’archivio «P. 276»; nella parte inferiore si nota uno strato di pellicola pittorica in malora, probabilmente segno di un disegno precedente","collezione privata, Roma",,,,,"La datazione del tutto ipotetica si basa su osservazioni stilistiche (la pittura nervosa delle figure in relazione al paesaggio, paragonabile ad opere come Natura morta cfr. 1924 p15 e soprattutto Paesaggio con figure 1924 p98); su considerazioni iconografiche (il tema sacro diventa preponderante da opere come La Sacra Famiglia 1924 p99, Madonnina 1924 p224 fino a Cristo e i pescatori 1925 p175); e la tendenza all’utilizzo del formato ovale che corrisponde alla tendenza attorno al 1924-1925 a concentrare la composizione in un ovale centrale (Autoritratto 1924 p304, la Sacra Famiglia cit.).",,,,,,,25-26,"Recto:
Verso:
[Copia da “Pietà, Paolo Veronese”] 1924-1925 ca.
Numero d’archivio: SN13
Tecnica: [olio su tela?]
Dimensioni: [?]
Segni sul recto: no
Segni sul verso: [Paesaggio urbano e studio di albero], 1923, circa 1929-39 circa, olio su tela
Collocazione: collezione privata, Roma
Note:
L’immagine sul recto può essere attribuita ad una fase tra 1924 e 1925 in cui l’artista copia
sistematicamente autori del passato tra Quattrocento e Seicento; in questo caso l’opera in questione
è la Pietà di Paolo Veronese. L’immagine sul verso, chiaramente composita, può essere comparata
ai paesaggi urbani come Studio di paesaggio (cfr. 1923 pa15) per la semplificazione geometrica dei
caseggiati e degli alberi. Infine, l’albero dipinto in orizzontale sul lato destro della composizione
può essere paragonato agli alberi studiati con maggiore attenzione in opere come Le lavandaie
1928-29 (cfr. 1928 p114) e soprattutto I Tre Alberi (cfr. 1929 p262). Tra i disegni conservati nel
Fondo Di Cocco presso l’Archivio E. Crispolti, una serie di studi di alberi comprende un’immagine
molto simile (vedi illustrazione). Da controllare dal vivo le dimensioni e la tecnica.
Illustrazione:"
19,1924 SN13,[Copia da “Pietà,Paolo Veronese”] 1924-1925 ca.,SN13,[olio su tela?],[?],no,"[Paesaggio urbano e studio di albero], 1923, circa 1929-39 circa, olio su tela","collezione privata, Roma",,,,,"L’immagine sul recto può essere attribuita ad una fase tra 1924 e 1925 in cui l’artista copia sistematicamente autori del passato tra Quattrocento e Seicento; in questo caso l’opera in questione è la Pietà di Paolo Veronese. L’immagine sul verso, chiaramente composita, può essere comparata ai paesaggi urbani come Studio di paesaggio (cfr. 1923 pa15) per la semplificazione geometrica dei caseggiati e degli alberi. Infine, l’albero dipinto in orizzontale sul lato destro della composizione può essere paragonato agli alberi studiati con maggiore attenzione in opere come Le lavandaie 1928-29 (cfr. 1928 p114) e soprattutto I Tre Alberi (cfr. 1929 p262). Tra i disegni conservati nel Fondo Di Cocco presso l’Archivio E. Crispolti, una serie di studi di alberi comprende un’immagine molto simile (vedi illustrazione). Da controllare dal vivo le dimensioni e la tecnica.",,,,,,,26-27,"[Natura morta], 1924
Numero d’archivio: 1924 p 98
Tecnica: olio su cartone
Dimensioni: cm 37,5 x 47,8
Segni sul recto: «Fr. Di Cocco» in basso a sinistra
Segni sul verso: non noto
Collocazione: non nota
Esposizioni personali:
1991, Francesco Di Cocco. Dal futurismo alla Scuola Romana 1917-1938, Galleria Arco Farnese,
Roma;
1996, Francesco Di Cocco. Settant'anni di ricerca dal Futurismo alle strutture di colore puro,
Galleria Narciso, Torino.
Bibliografia:
Francesco Di Cocco. Dal futurismo alla Scuola Romana 1917-1938, catalogo della mostra, a cura
di Lucia Stefanelli Torossi, con testi di Enrico Crispolti, Carlo Alberto Bucci, Cristiana Perrella,
Edizioni Arco Farnese, Roma 1991, ripr. tav. n. 10.
Note:
Bucci (1991) rileva come, per la concezione luministica che investe di luce gli elementi in primo
piano lasciando altri in penombra, per l’uso di tonalità calde e per una pennellata spessa, quasi
materica, il dipinto presenta strette affinità con l’Autoritratto e la Figura seduta del 1924."
20,1924 p15,[Natura morta],1924,1924 p 98,olio su cartone,"cm 37,5 x 47,8",«Fr. Di Cocco» in basso a sinistra,non noto,non nota,,"1991, Francesco Di Cocco. Dal futurismo alla Scuola Romana 1917-1938, Galleria Arco Farnese, Roma;
1996, Francesco Di Cocco. Settant'anni di ricerca dal Futurismo alle strutture di colore puro, Galleria Narciso, Torino.",,"Francesco Di Cocco. Dal futurismo alla Scuola Romana 1917-1938, catalogo della mostra, a cura di Lucia Stefanelli Torossi, con testi di Enrico Crispolti, Carlo Alberto Bucci, Cristiana Perrella, Edizioni Arco Farnese, Roma 1991, ripr. tav. n. 10.","Bucci (1991) rileva come, per la concezione luministica che investe di luce gli elementi in primo piano lasciando altri in penombra, per l’uso di tonalità calde e per una pennellata spessa, quasi materica, il dipinto presenta strette affinità con l’Autoritratto e la Figura seduta del 1924.",,,,,,,28,"Recto:
Verso:
Da Rembrant “Ritatto d’uomo in costume di nobile polacco”, 1924 ca.
Numero d’archivio: 1924 p 101 (a) e (b)
Tecnica: olio su cartone
Dimensioni: cm 54 x 36
Segni sul recto: no
Segni sul verso: volto di donna con velo; databile prima metà anni Venti; olio [e tempera] su
cartone; cartellino adesivo in basso a destra con il numero d’archivio «P. 101 (a)»
Collocazione: collezione privata, Roma
Bibliografia:
Francesco Di Cocco. Dal futurismo alla Scuola Romana 1917-1938, catalogo della mostra, a cura
di Lucia Stefanelli Torossi, con testi di Enrico Crispolti, Carlo Alberto Bucci, Cristiana Perrella,
Edizioni Arco Farnese, Roma 1991, ripr. p. 16.
Note:
Copia dal Ritratto d’uomo in costume di nobile polacco di Rembrandt (National Gallery of Art,
Washington). Bucci (1991) ricorda la presenza, nella biblioteca di Di Cocco, del volume di É.
Verhaeren (Rembrandt, Insel-Verlag, Lipsia 1920), acquistato dall’artista nel 1922, contenente la
riproduzione del dipinto. Restauro Antonio Rava, 1991."
21,1924 p101 (a) e (b),Da Rembrant “Ritatto d’uomo in costume di nobile polacco”,1924 ca.,1924 p 101 (a) e (b),olio su cartone,cm 54 x 36,no,volto di donna con velo; databile prima metà anni Venti; olio [e tempera] su cartone; cartellino adesivo in basso a destra con il numero d’archivio «P. 101 (a)»,"collezione privata, Roma",,,,"Francesco Di Cocco. Dal futurismo alla Scuola Romana 1917-1938, catalogo della mostra, a cura di Lucia Stefanelli Torossi, con testi di Enrico Crispolti, Carlo Alberto Bucci, Cristiana Perrella, Edizioni Arco Farnese, Roma 1991, ripr. p. 16.","Copia dal Ritratto d’uomo in costume di nobile polacco di Rembrandt (National Gallery of Art, Washington). Bucci (1991) ricorda la presenza, nella biblioteca di Di Cocco, del volume di É. Verhaeren (Rembrandt, Insel-Verlag, Lipsia 1920), acquistato dall’artista nel 1922, contenente la riproduzione del dipinto. Restauro Antonio Rava, 1991.",,,,,,,29-30,"Recto:
Verso:
Madonnina, 1924 ca.
Numero d’archivio: 1924 p224
Tecnica: olio su cartone
Dimensioni: cm 32 x 27
Segni sul recto: in basso a destra «Fr Di Cocco»
Segni sul verso: in alto a sinistra il numero d’archivio «P. 224»; in alto al centro etichetta cartacea
della «Prima mostra del Novecento Italiano, Milano», con indicazioni relative a nome e cognome:
«Francesco Di Cocco», titolo: «Madonnina», prezzo di vendita: «L 4000», proprietario: «Francesco
Di Cocco», indirizzo: «Viale Angelico 5, Roma»
Collocazione: collezione privata, Roma
Esposizioni personali:
1991, Francesco Di Cocco. Dal futurismo alla Scuola Romana 1917-1938, Galleria Arco Farnese,
Roma;
1996, Francesco Di Cocco. Settant'anni di ricerca dal Futurismo alle strutture di colore puro,
Galleria Narciso, Torino.
Esposizioni collettive:
1926, Prima Mostra del Novecento italiano, Palazzo della Permanente, Milano;
1990, La Madonna nell’arte italiana del Novecento, Chiesa Monumentale di San Giuliano,
Castrovillari, Cosenza, Centro d’Arte e Cultura, Benevento.
Bibliografia:
Catalogo della prima Mostra del Novecento italiano, catalogo della mostra, prefazione di
Margherita Sarfatti, Arti grafiche E. Gualdoni, Milano 1926, sala VIII, n. 3, p. 39, ripr. p. 47;
Di Cocco nomade, solitario, contemplativo dal Futurismo alle strutture di colore puro, catalogo
della mostra, a cura di Enrico Crispolti, con note bio-bibliografiche di Daniela Pagliai, Coopedit,
Macerata 1984, ripr. n. 9, p. 9;
La Madonna nell’arte italiana del Novecento, catalogo della mostra, a cura di Giuseppe Appella,
Edizioni della Cometa, Roma 1990, ripr. p. 78;
Francesco Di Cocco. Dal futurismo alla Scuola Romana. 1917-1938, catalogo della mostra, a cura
di Lucia Stefanelli Torossi, con testi di Enrico Crispolti, Carlo Alberto Bucci, Cristiana Perrella,
Edizioni Arco Farnese, Roma 1991, ripr. tav. 9."
22,1924 p224,Madonnina,1924 ca.,1924 p224,olio su cartone,cm 32 x 27,in basso a destra «Fr Di Cocco»,"in alto a sinistra il numero d’archivio «P. 224»; in alto al centro etichetta cartacea della «Prima mostra del Novecento Italiano, Milano», con indicazioni relative a nome e cognome: «Francesco Di Cocco», titolo: «Madonnina», prezzo di vendita: «L 4000», proprietario: «Francesco Di Cocco», indirizzo: «Viale Angelico 5, Roma»","collezione privata, Roma",,"1991, Francesco Di Cocco. Dal futurismo alla Scuola Romana 1917-1938, Galleria Arco Farnese, Roma;
1996, Francesco Di Cocco. Settant'anni di ricerca dal Futurismo alle strutture di colore puro, Galleria Narciso, Torino.","1926, Prima Mostra del Novecento italiano, Palazzo della Permanente, Milano;
1990, La Madonna nell’arte italiana del Novecento, Chiesa Monumentale di San Giuliano, Castrovillari, Cosenza, Centro d’Arte e Cultura, Benevento.","Catalogo della prima Mostra del Novecento italiano, catalogo della mostra, prefazione di Margherita Sarfatti, Arti grafiche E. Gualdoni, Milano 1926, sala VIII, n. 3, p. 39, ripr. p. 47;
Di Cocco nomade, solitario, contemplativo dal Futurismo alle strutture di colore puro, catalogo della mostra, a cura di Enrico Crispolti, con note bio-bibliografiche di Daniela Pagliai, Coopedit, Macerata 1984, ripr. n. 9, p. 9;
La Madonna nell’arte italiana del Novecento, catalogo della mostra, a cura di Giuseppe Appella, Edizioni della Cometa, Roma 1990, ripr. p. 78;
Francesco Di Cocco. Dal futurismo alla Scuola Romana. 1917-1938, catalogo della mostra, a cura di Lucia Stefanelli Torossi, con testi di Enrico Crispolti, Carlo Alberto Bucci, Cristiana Perrella, Edizioni Arco Farnese, Roma 1991, ripr. tav. 9.",,,,,,,,31-32,"Recto:
Verso:
[Figura seduta], 1924 ca.
Numero d’archivio: 1924 p 306 (a)
Tecnica: olio su cartone
Dimensioni: cm 38 x 28
Segni sul recto: «Fr Di Cocco/924» in alto a sinistra
Segni sul verso: [cfr. note]
Collocazione: non nota
Esposizioni personali:
1991, Francesco Di Cocco. Dal futurismo alla Scuola Romana 1917-1938, Galleria Arco Farnese,
Roma.
Bibliografia:
Francesco Di Cocco. Dal futurismo alla Scuola Romana 1917-1938, catalogo della mostra, a cura
di Lucia Stefanelli Torossi, con testi di Enrico Crispolti, Carlo Alberto Bucci, Cristiana Perrella,
Edizioni Arco Farnese, Roma 1991, ripr. tav. n. 8.
Note:
Bucci (1991) rileva come nel dipinto, databile al 1924, sia evidente l’influsso di Rembrandt, in
particolare nel raggrumarsi della pasta pittorica nelle zone di luce; segnala inoltre che sul verso del
cartone l’artista ha eseguito a olio una copia dalla Signora con ventaglio di Velázquez (Londra,
Wallace Collection)."
23,1924 p306 (a) e (b),[Figura seduta],1924 ca.,1924 p 306 (a),olio su cartone,cm 38 x 28,«Fr Di Cocco/924» in alto a sinistra,[cfr. note],non nota,,"1991, Francesco Di Cocco. Dal futurismo alla Scuola Romana 1917-1938, Galleria Arco Farnese, Roma.",,"Francesco Di Cocco. Dal futurismo alla Scuola Romana 1917-1938, catalogo della mostra, a cura di Lucia Stefanelli Torossi, con testi di Enrico Crispolti, Carlo Alberto Bucci, Cristiana Perrella, Edizioni Arco Farnese, Roma 1991, ripr. tav. n. 8.","Bucci (1991) rileva come nel dipinto, databile al 1924, sia evidente l’influsso di Rembrandt, in particolare nel raggrumarsi della pasta pittorica nelle zone di luce; segnala inoltre che sul verso del cartone l’artista ha eseguito a olio una copia dalla Signora con ventaglio di Velázquez (Londra, Wallace Collection).",,,,,,,33-34,"Recto:
Verso:
[Autoritratto], 1930 ca.
Numero d’archivio: 1924 p 278 (a) - 1930 p278 (b)
Tecnica: olio su cartone
Dimensioni: cm 29,2 x 42,8
Segni sul recto: no
Segni sul verso: [Uomo calvo seduto a terra], 1924 ca.
Collocazione: collezione privata, Roma"
24,1924 p278 (a) e 1930 p278 (b),[Autoritratto],1930 ca.,1924 p 278 (a) - 1930 p278 (b),olio su cartone,"cm 29,2 x 42,8",no,"[Uomo calvo seduto a terra], 1924 ca.","collezione privata, Roma",,,,,,,,,,,,34-35,"Recto:
Verso:
L'incontro, 1925 ca.
Numero d’archivio: 1925 p220
Tecnica: olio su tela
Dimensioni: cm 70 x 90
Segni sul recto: «Di Cocco 920» in basso a sinistra
Segni sul verso: in alto a sinistra il numero d’archivio «P.220»; in alto a sinistra a penna «1991», e
timbro «Galleria Arco Farnese»; in alto al centro etichetta cartacea di «Tartaglia Fine Art», con
indicazioni relative ad autore: «Di Cocco», titolo: «L’incontro», mostra: «Roma 1918–43», sede:
«C. d. Bramante», prestatore: «Crispolti, E. – Roma».
Collocazione: collezione privata, Roma
Esposizioni personali:
1932, Terza Mostra del Sindacato Regionale Fascista Belle Arti del Lazio, Palazzo delle
Esposizioni, Roma;
1984, Di Cocco nomade, solitario, contemplativo dal futurismo alle strutture di colore puro, Chiesa
di S. Paolo, Pinacoteca e Musei Comunali, Macerata;
1991, Francesco Di Cocco. Dal futurismo alla Scuola Romana 1917-1938, Galleria Arco Farnese,
Roma;
1996, Francesco Di Cocco. Settant'anni di ricerca dal Futurismo alle strutture di colore puro,
Galleria Narciso, Torino.
Esposizioni collettive:
1998, Roma 1918-1943, Chiostro del Bramante, Roma.
Bibliografia:
Terza mostra del Sindacato Regionale Fascista Belle arti del Lazio, catalogo della mostra, Arti
Grafiche Enzo Pinci, Roma 1932, sala XV, n. 16, p. 52;
Di Cocco nomade, solitario, contemplativo dal futurismo alle strutture di colore puro, catalogo
della mostra, a cura di Enrico Crispolti, con note bio-bibliografiche di Daniela Pagliai, Coopedit,
Macerata 1984, p. 11, ripr. n. 5, p. 7;
Mario Verdone, Francesco Di Cocco, in «Futurismo Oggi», Roma, maggio-giugno 1989, p. 40;
Mario Verdone, Il pittore cineasta amico di Pirandello, in «Il Tempo», Roma, 24 luglio 1989, p. 3;
Francesco Di Cocco. Dal futurismo alla Scuola Romana 1917-1938, catalogo della mostra, a cura
di Lucia Stefanelli Torossi, con testi di Enrico Crispolti, Carlo Alberto Bucci, Cristiana Perrella,
Edizioni Arco Farnese, Roma 1991, ripr. tav. n. 14;
Francesco Di Cocco. Settant'anni di ricerca dal Futurismo alle strutture di colore puro, catalogo
della mostra, con testi di Titina Maselli, Enrico Crispolti, Antonio Rava, Carlo Alberto Bucci,
Quaderni dell’Archivio Crispolti, Officina Edizioni, Roma 1996, ripr. p. 15;
Roma 1918-1943, catalogo della mostra, a cura di Fabio Benzi, Gianni Mercurio, Luigi Prisco,
Viviani, Roma 1998, ripr. p. 181.
Note:
Bucci (1991) attribuisce la datazione dell’opera a circa metà anni Venti, ritenendo che la firma e la
data visibili sul dipinto siano state apposte in un momento successivo all’esecuzione. Egli osserva
infatti che la pasta pittorica della firma presenta frammentazioni analoghe a quelle del tessuto
pittorico sottostante, ma non coeve alla realizzazione dell’opera. Dal punto di vista stilistico,
L’incontro appare troppo matura per essere stata eseguita nel 1920 e mostra affinità con lavori del
1924 come Paesaggio con figure e Le balie (per proporzioni, tipologia dei personaggi e
ambientazione quotidiana). Altri elementi rinviano invece all’Arca di Noè (cfr. 1926 p240) e al
Pentimento di Pietro (cfr. 1927 p252), in particolare nelle architetture classiche, nelle colline
arrotondate e nella più equilibrata distribuzione delle figure. Secondo Bucci, è possibile che Di
Cocco abbia firmato e datato l’opera in occasione della mostra romana del 1932, dove il dipinto era
esposto nella sala personale dell’artista."
25,1925 p220,L'incontro,1925 ca.,1925 p220,olio su tela,cm 70 x 90,«Di Cocco 920» in basso a sinistra,"in alto a sinistra il numero d’archivio «P.220»; in alto a sinistra a penna «1991», e timbro «Galleria Arco Farnese»; in alto al centro etichetta cartacea di «Tartaglia Fine Art», con indicazioni relative ad autore: «Di Cocco», titolo: «L’incontro», mostra: «Roma 1918–43», sede: «C. d. Bramante», prestatore: «Crispolti, E. – Roma».","collezione privata, Roma",,"1932, Terza Mostra del Sindacato Regionale Fascista Belle Arti del Lazio, Palazzo delle Esposizioni, Roma;
1984, Di Cocco nomade, solitario, contemplativo dal futurismo alle strutture di colore puro, Chiesa di S. Paolo, Pinacoteca e Musei Comunali, Macerata;
1991, Francesco Di Cocco. Dal futurismo alla Scuola Romana 1917-1938, Galleria Arco Farnese, Roma;
1996, Francesco Di Cocco. Settant'anni di ricerca dal Futurismo alle strutture di colore puro, Galleria Narciso, Torino.","1998, Roma 1918-1943, Chiostro del Bramante, Roma.","Terza mostra del Sindacato Regionale Fascista Belle arti del Lazio, catalogo della mostra, Arti Grafiche Enzo Pinci, Roma 1932, sala XV, n. 16, p. 52;
Di Cocco nomade, solitario, contemplativo dal futurismo alle strutture di colore puro, catalogo della mostra, a cura di Enrico Crispolti, con note bio-bibliografiche di Daniela Pagliai, Coopedit, Macerata 1984, p. 11, ripr. n. 5, p. 7;
Mario Verdone, Francesco Di Cocco, in «Futurismo Oggi», Roma, maggio-giugno 1989, p. 40;
Mario Verdone, Il pittore cineasta amico di Pirandello, in «Il Tempo», Roma, 24 luglio 1989, p. 3;
Francesco Di Cocco. Dal futurismo alla Scuola Romana 1917-1938, catalogo della mostra, a cura di Lucia Stefanelli Torossi, con testi di Enrico Crispolti, Carlo Alberto Bucci, Cristiana Perrella, Edizioni Arco Farnese, Roma 1991, ripr. tav. n. 14;
Francesco Di Cocco. Settant'anni di ricerca dal Futurismo alle strutture di colore puro, catalogo della mostra, con testi di Titina Maselli, Enrico Crispolti, Antonio Rava, Carlo Alberto Bucci, Quaderni dell’Archivio Crispolti, Officina Edizioni, Roma 1996, ripr. p. 15;
Roma 1918-1943, catalogo della mostra, a cura di Fabio Benzi, Gianni Mercurio, Luigi Prisco, Viviani, Roma 1998, ripr. p. 181.","Bucci (1991) attribuisce la datazione dell’opera a circa metà anni Venti, ritenendo che la firma e la data visibili sul dipinto siano state apposte in un momento successivo all’esecuzione. Egli osserva infatti che la pasta pittorica della firma presenta frammentazioni analoghe a quelle del tessuto pittorico sottostante, ma non coeve alla realizzazione dell’opera. Dal punto di vista stilistico, L’incontro appare troppo matura per essere stata eseguita nel 1920 e mostra affinità con lavori del 1924 come Paesaggio con figure e Le balie (per proporzioni, tipologia dei personaggi e ambientazione quotidiana). Altri elementi rinviano invece all’Arca di Noè (cfr. 1926 p240) e al Pentimento di Pietro (cfr. 1927 p252), in particolare nelle architetture classiche, nelle colline arrotondate e nella più equilibrata distribuzione delle figure. Secondo Bucci, è possibile che Di Cocco abbia firmato e datato l’opera in occasione della mostra romana del 1932, dove il dipinto era esposto nella sala personale dell’artista.",,,,,,,36-38,"Recto:
[Scena], 1925 ca.
Numero d’archivio: 1925 d 673
Tecnica: matita e tempera su carta
Dimensioni: cm 30,5 x 45,2
Segni sul recto: no
Segni sul verso: non noto
Collocazione: non nota
Esposizioni personali:
1991, Francesco Di Cocco. Dal futurismo alla Scuola Romana 1917-1938, Galleria Arco Farnese,
Roma.
Bibliografia:
Francesco Di Cocco. Dal futurismo alla Scuola Romana 1917-1938, catalogo della mostra, a cura
di Lucia Stefanelli Torossi, con testi di Enrico Crispolti, Carlo Alberto Bucci, Cristiana Perrella,
Edizioni Arco Farnese, Roma 1991, ripr. tav. n. 13.
Note:
Bucci (1991) interpreta l’opera come un lavoro incompiuto, probabilmente mai portato a termine da
Di Cocco, ma documentato da numerosi disegni preparatori che attestano un intenso lavoro
progettuale. Per la sproporzione delle figure, il trattamento degli alberi e la presenza, sullo sfondo,
di una coppia che si incammina, l’opera presenta affinità con Le balie (1924), suggerendo una
datazione successiva a tale anno."
26,1925 d673,[Scena],1925 ca.,1925 d 673,matita e tempera su carta,"cm 30,5 x 45,2",no,non noto,non nota,,"1991, Francesco Di Cocco. Dal futurismo alla Scuola Romana 1917-1938, Galleria Arco Farnese, Roma.",,"Francesco Di Cocco. Dal futurismo alla Scuola Romana 1917-1938, catalogo della mostra, a cura di Lucia Stefanelli Torossi, con testi di Enrico Crispolti, Carlo Alberto Bucci, Cristiana Perrella, Edizioni Arco Farnese, Roma 1991, ripr. tav. n. 13.","Bucci (1991) interpreta l’opera come un lavoro incompiuto, probabilmente mai portato a termine da Di Cocco, ma documentato da numerosi disegni preparatori che attestano un intenso lavoro progettuale. Per la sproporzione delle figure, il trattamento degli alberi e la presenza, sullo sfondo, di una coppia che si incammina, l’opera presenta affinità con Le balie (1924), suggerendo una datazione successiva a tale anno.",,,,,,,38-39,"Recto:
Verso:
[Figura femminile con braccio destro alzato e mano sinistra sul ginocchio], 1925 ca.
Numero d’archivio: 1925 p 232
Tecnica: olio su cartone
Dimensioni: cm 43,5 x 28,6
Segni sul recto: no
Segni sul verso: nella parte superiore sono visibili quattro larghe bande di colore verticali; nella
parte inferiore macchie di colore a olio e tempera; cartellino adesivo in alto a destra che riporta il
numero d’archivio «P. 232»
Collocazione: collezione privata, Roma"
27,1925 p232,[Figura femminile con braccio destro alzato e mano sinistra sul ginocchio],1925 ca.,1925 p 232,olio su cartone,"cm 43,5 x 28,6",no,nella parte superiore sono visibili quattro larghe bande di colore verticali; nella parte inferiore macchie di colore a olio e tempera; cartellino adesivo in alto a destra che riporta il numero d’archivio «P. 232»,"collezione privata, Roma",,,,,,,,,,,,39-40,"Recto:
Verso:
Donna con copricapo bianco e bruno e braccio alzato, 1925 ca.
Numero d’archivio: 1925 p277 (a) e (b)
Tecnica: olio su cartone
Dimensioni: cm 45 x 32
Segni sul recto: «Fr. Di Cocco» in alto a sinistra
Segni sul verso: dipinto con figure nel paesaggio traccia involontaria di colore blu e rosso in basso a
sinistra
Collocazione: collezione privata, Roma
Note:
La figura sul recto è stata probabilmente rimaneggiata in epoca tarda con strati di gessetto che
semplificano i panneggi e lo sfondo. Si notano aree in cui la pittura originale è lasciata visibile
creando un alone intorno alla firma e intorno al braccio alzato. Il dipinto sul verso pur non avendo
una storia espositiva, né l’indicazione di una data può essere collocato nella prima metà degli anni
Trenta, considerando il tema delle figure in paesaggi marini, frequenti a partire dal 1932, e una
pittura più gestuale e meno disegnata come nell’opera I silos del 1934 (cfr. 1934 p121)."
28,1925 p277 (a) e (b),Donna con copricapo bianco e bruno e braccio alzato,1925 ca.,1925 p277 (a) e (b),olio su cartone,cm 45 x 32,«Fr. Di Cocco» in alto a sinistra,dipinto con figure nel paesaggio traccia involontaria di colore blu e rosso in basso a sinistra,"collezione privata, Roma",,,,,"La figura sul recto è stata probabilmente rimaneggiata in epoca tarda con strati di gessetto che semplificano i panneggi e lo sfondo. Si notano aree in cui la pittura originale è lasciata visibile creando un alone intorno alla firma e intorno al braccio alzato. Il dipinto sul verso pur non avendo una storia espositiva, né l’indicazione di una data può essere collocato nella prima metà degli anni Trenta, considerando il tema delle figure in paesaggi marini, frequenti a partire dal 1932, e una pittura più gestuale e meno disegnata come nell’opera I silos del 1934 (cfr. 1934 p121).",,,,,,,40-41,"Cristo e i pescatori, 1925/26
Numero d’archivio: 1925 p175
Bibliografia:
Francesco Di Cocco. Dal futurismo alla Scuola Romana 1917-1938, catalogo della mostra, a cura
di Lucia Stefanelli Torossi, con testi di Enrico Crispolti, Carlo Alberto Bucci, Cristiana Perrella,
Edizioni Arco Farnese, Roma 1991, ripr. p. 13;
Di Cocco nomade, solitario, contemplativo dal Futurismo alle strutture di colore puro, catalogo
della mostra, a cura di Enrico Crispolti, con note bio-bibliografiche di Daniela Pagliai, Coopedit,
Macerata 1984, pp. 14, 34, 35.
Note:
Secondo la testimonianza dell’artista rilasciata a Crispolti (Macerata, 1984) si tratta di un quadro di
grandi dimensioni, che era stato selezionato, prima di essere completato, da Funi e Salietti, per la
Prima Mostra del Novecento italiano del 1926. Sempre secondo i ricordi dell’artista, non essendo
riuscito a completare l’opera in tempo, sarebbe stato sostituito da Madonnina (cfr. 1924 p224).
L’opera, dispersa, oggi è nota soltanto grazie a una foto storica conservata presso l’Archivio
Crispolti (vedi anche Bucci 1991)."
29,1925 p175,Cristo e i pescatori,1925/26,1925 p175,,,,,,,,,"Francesco Di Cocco. Dal futurismo alla Scuola Romana 1917-1938, catalogo della mostra, a cura di Lucia Stefanelli Torossi, con testi di Enrico Crispolti, Carlo Alberto Bucci, Cristiana Perrella, Edizioni Arco Farnese, Roma 1991, ripr. p. 13;
Di Cocco nomade, solitario, contemplativo dal Futurismo alle strutture di colore puro, catalogo della mostra, a cura di Enrico Crispolti, con note bio-bibliografiche di Daniela Pagliai, Coopedit, Macerata 1984, pp. 14, 34, 35.","Secondo la testimonianza dell’artista rilasciata a Crispolti (Macerata, 1984) si tratta di un quadro di grandi dimensioni, che era stato selezionato, prima di essere completato, da Funi e Salietti, per la Prima Mostra del Novecento italiano del 1926. Sempre secondo i ricordi dell’artista, non essendo riuscito a completare l’opera in tempo, sarebbe stato sostituito da Madonnina (cfr. 1924 p224). L’opera, dispersa, oggi è nota soltanto grazie a una foto storica conservata presso l’Archivio Crispolti (vedi anche Bucci 1991).",,,,,,,41-42,"Recto:
Verso:
[Paesaggio], 1925-26
Numero d’archivio: 1925 p254
Tecnica: [pastello su carta intelata]
Dimensioni: 26 x 36
Segni sul recto: no
Segni sul verso: cartellino adesivo in alto a destra con il numero d’archivio «P. 254»
Collocazione: collezione privata, Roma"
30,1925 p254,[Paesaggio],1925-26,1925 p254,[pastello su carta intelata],26 x 36,no,cartellino adesivo in alto a destra con il numero d’archivio «P. 254»,"collezione privata, Roma",,,,,,,,,,,,43,"Recto:
[Scena biblica. Due figure al pozzo], 1925-26
Numero d’archivio: 1925 p174
Note:
originale non noto, opera documentata presso l’Archivio E. Crispolti."
31,1925 p174,[Scena biblica. Due figure al pozzo],1925-26,1925 p174,,,,,,,,,,"originale non noto, opera documentata presso l’Archivio E. Crispolti.",,,,,,,44,"Recto:
Verso:
[Modella seduta con schiena nuda], 1925-30
Numero d’archivio: 1925 p226
Tecnica: olio su tavola
Dimensioni: cm 76 x 53,5
Segni sul recto: no
Segni sul verso: cartellino adesivo in alto a destra con il numero d’archivio «P. 226»
Collocazione: collezione privata, Roma"
32,1925 p226,[Modella seduta con schiena nuda],1925-30,1925 p226,olio su tavola,"cm 76 x 53,5",no,cartellino adesivo in alto a destra con il numero d’archivio «P. 226»,"collezione privata, Roma",,,,,,,,,,,,45,"Recto:
Verso:
[Paesaggio con ciminiera], 1925-30
Numero d’archivio: 1925 p281
Tecnica: olio su tela
Dimensioni: cm 70,3 x 91,2
Segni sul recto: no
Segni sul verso: cartellino adesivo in alto a sinistra con il numero d’archivio «P. 281»
Collocazione: collezione privata, Roma
Note:
Restauro Antonio Rava, 1991."
33,1925 p281,[Paesaggio con ciminiera],1925-30,1925 p281,olio su tela,"cm 70,3 x 91,2",no,cartellino adesivo in alto a sinistra con il numero d’archivio «P. 281»,"collezione privata, Roma",,,,,"Restauro Antonio Rava, 1991.",,,,,,,46,"Recto:
[Paesaggio con figure], 1930 ca.
Numero d’archivio: 1925 SN 6 (P 12)
Tecnica: olio su cartone
Dimensioni: cm 35,7 x 49,4
Segni sul recto: no
Segni sul verso: non ispezionabile
Collocazione: collezione privata, Roma
Note:
Per la soluzione delle due figure di spalle cfr. 1930 p238 e 1929 p222."
34,1925 SN 6 (P 12),[Paesaggio con figure],1930 ca.,1925 SN 6 (P 12),olio su cartone,"cm 35,7 x 49,4",no,non ispezionabile,"collezione privata, Roma",,,,,Per la soluzione delle due figure di spalle cfr. 1930 p238 e 1929 p222.,,,,,,,47,"Recto:
[La lavanda dei piedi], 1926 ca.
Numero d’archivio: 1926 p307
Bibliografia:
Francesco Di Cocco. Dal futurismo alla Scuola Romana 1917-1938, catalogo della mostra, a cura
di Lucia Stefanelli Torossi, con testi di Enrico Crispolti, Carlo Alberto Bucci, Cristiana Perrella,
Edizioni Arco Farnese, Roma 1991, ripr. p. 13.
Note:
originale non noto, opera documentata presso l’Archivio E. Crispolti."
35,1926 p307,[La lavanda dei piedi],1926 ca.,1926 p307,,,,,,,,,"Francesco Di Cocco. Dal futurismo alla Scuola Romana 1917-1938, catalogo della mostra, a cura di Lucia Stefanelli Torossi, con testi di Enrico Crispolti, Carlo Alberto Bucci, Cristiana Perrella, Edizioni Arco Farnese, Roma 1991, ripr. p. 13.","originale non noto, opera documentata presso l’Archivio E. Crispolti.",,,,,,,48,"Recto:
Verso:
[Studio per Benedizione e paesaggio con ciminiera], 1926 ca.
Numero d’archivio: 1926 p19
Tecnica: olio su cartone
Dimensioni: 55,6 x 29,4
Segni sul recto: no
Segni sul verso: cartellino adesivo in alto a sinistra con il numero d’archivio «P. 19»
Collocazione: collezione privata, Roma
Note:
studio preparatorio per Benedizione e paesaggio con ciminiera (cfr. 1926 p100)."
36,1926 p19,[Studio per Benedizione e paesaggio con ciminiera],1926 ca.,1926 p19,olio su cartone,"55,6 x 29,4",no,cartellino adesivo in alto a sinistra con il numero d’archivio «P. 19»,"collezione privata, Roma",,,,,studio preparatorio per Benedizione e paesaggio con ciminiera (cfr. 1926 p100).,,,,,,,49-50,"Recto:
Verso:
[Benedizione e paesaggio con ciminiera], 1926 ca.
Numero d’archivio: 1926 p100
Tecnica: olio su cartone
Dimensioni: cm 26,5 x 33
Segni sul recto: no
Segni sul verso: cartellino adesivo in alto a sinistra con il numero d’archivio «P. 100»
Collocazione: collezione privata, Roma"
37,1926 p100,[Benedizione e paesaggio con ciminiera],1926 ca.,1926 p100,olio su cartone,"cm 26,5 x 33",no,cartellino adesivo in alto a sinistra con il numero d’archivio «P. 100»,"collezione privata, Roma",,,,,,,,,,,,50-51,"Recto:
[L’arca di Noè [studio per]], 1926 ca.
Numero d’archivio: 1926 d31
Tecnica: carboncino su carta
Dimensioni: cm 105 x 160
Segni sul recto: no
Segni sul verso: non noto
Collocazione: Galleria Nazionale d’Arte Moderna e Contemporanea, Roma
Bibliografia:
Di Cocco nomade, solitario, contemplativo dal futurismo alle strutture di colore puro, catalogo
della mostra, a cura di Enrico Crispolti, con note bio-bibliografiche di Daniela Pagliai, Coopedit,
Macerata 1984, ripr. n. 11, p. 10."
38,1926 d31,[L’arca di Noè [studio per]],1926 ca.,1926 d31,carboncino su carta,cm 105 x 160,no,non noto,"Galleria Nazionale d’Arte Moderna e Contemporanea, Roma",,,,"Di Cocco nomade, solitario, contemplativo dal futurismo alle strutture di colore puro, catalogo della mostra, a cura di Enrico Crispolti, con note bio-bibliografiche di Daniela Pagliai, Coopedit, Macerata 1984, ripr. n. 11, p. 10.",,,,,,,,51,"Recto:
(segnato nella compagna fotografica: PA4)
[Studio per ""L'arca di Noè”], 1926 ca.
Numero d’archivio: 1926 pa14
Tecnica: gessetti su carta
Dimensioni: cm 67,5 x 44
Segni sul recto: no
Segni sul verso: non ispezionabile
Collocazione: collezione privata, Roma
Esposizioni personali:
1991, Francesco Di Cocco. Dal futurismo alla Scuola Romana 1917-1938, Galleria Arco Farnese,
Roma.
Bibliografia:
Francesco Di Cocco. Dal futurismo alla Scuola Romana 1917-1938, catalogo della mostra, a cura
di Lucia Stefanelli Torossi, con testi di Enrico Crispolti, Carlo Alberto Bucci, Cristiana Perrella,
Edizioni Arco Farnese, Roma 1991, ripr. tav. n. 15;
Piero della Francesca e il Novecento, catalogo della mostra, a cura di Maria Mimita Lamberti,
Maurizio Fagiolo dell’Arco, Marsilio, Venezia 1991, ripr. p. 118.
Note:
Si tratta di uno studio per una delle due figure maschili poste al centro de L'arca di Noè cfr. 1926
p240 (Bucci, 1991)."
39,1926 pa14,"[Studio per ""L'arca di Noè”]",1926 ca.,1926 pa14,gessetti su carta,"cm 67,5 x 44",no,non ispezionabile,"collezione privata, Roma",,"1991, Francesco Di Cocco. Dal futurismo alla Scuola Romana 1917-1938, Galleria Arco Farnese, Roma.",,"Francesco Di Cocco. Dal futurismo alla Scuola Romana 1917-1938, catalogo della mostra, a cura di Lucia Stefanelli Torossi, con testi di Enrico Crispolti, Carlo Alberto Bucci, Cristiana Perrella, Edizioni Arco Farnese, Roma 1991, ripr. tav. n. 15;
Piero della Francesca e il Novecento, catalogo della mostra, a cura di Maria Mimita Lamberti, Maurizio Fagiolo dell’Arco, Marsilio, Venezia 1991, ripr. p. 118.","Si tratta di uno studio per una delle due figure maschili poste al centro de L'arca di Noè cfr. 1926 p240 (Bucci, 1991).",,,,,,,52,"Recto:
[Figura distesa], 1926-27
Numero d’archivio: 1926 p225
Tecnica: olio su cartone
Dimensioni: cm 22,6 x 30
Segni sul recto: «Fr. Di Cocco» in alto a sinistra
Segni sul verso: cfr. note
Collocazione: non nota
Esposizioni personali:
1991, Francesco Di Cocco. Dal futurismo alla Scuola Romana 1917-1938, Galleria Arco Farnese,
Roma;
1996, Francesco Di Cocco. Settant'anni di ricerca dal Futurismo alle strutture di colore puro,
Galleria Narciso, Torino.
Bibliografia:
Francesco Di Cocco. Dal futurismo alla Scuola Romana. 1917-1938, catalogo della mostra, a cura
di Lucia Stefanelli Torossi, con testi di Enrico Crispolti, Carlo Alberto Bucci e Cristiana Perrella,
Galleria Arco Farnese, Roma, 6 novembre 1991, Edizioni Arco Farnese, Roma 1991, ripr. tav. n.
28.
Note:
Bucci (1991) segnala sul verso del supporto la presenza della scritta autografa a matita «Fr. Di
Cocco 1920», probabilmente apposta in un momento successivo; per la forma arrotondata del volto,
degli occhi, e la pennellata pastosa, l’opera si avvicina infatti a lavori della fine del 1926 e dei primi
mesi del 1927, quali Ufficiale della Guardia (cfr. 1927 p14) e Figura con turbante (cfr. 1927 p223)."
40,1926 p225,[Figura distesa],1926-27,1926 p225,olio su cartone,"cm 22,6 x 30",«Fr. Di Cocco» in alto a sinistra,cfr. note,non nota,,"1991, Francesco Di Cocco. Dal futurismo alla Scuola Romana 1917-1938, Galleria Arco Farnese, Roma;
1996, Francesco Di Cocco. Settant'anni di ricerca dal Futurismo alle strutture di colore puro, Galleria Narciso, Torino.",,"Francesco Di Cocco. Dal futurismo alla Scuola Romana. 1917-1938, catalogo della mostra, a cura di Lucia Stefanelli Torossi, con testi di Enrico Crispolti, Carlo Alberto Bucci e Cristiana Perrella, Galleria Arco Farnese, Roma, 6 novembre 1991, Edizioni Arco Farnese, Roma 1991, ripr. tav. n. 28.","Bucci (1991) segnala sul verso del supporto la presenza della scritta autografa a matita «Fr. Di Cocco 1920», probabilmente apposta in un momento successivo; per la forma arrotondata del volto, degli occhi, e la pennellata pastosa, l’opera si avvicina infatti a lavori della fine del 1926 e dei primi mesi del 1927, quali Ufficiale della Guardia (cfr. 1927 p14) e Figura con turbante (cfr. 1927 p223).",,,,,,,53,"Recto:
[Figure sulla spiaggia], 1926-28
Numero d’archivio: 1926 p303
Note:
originale non noto, opera documentata presso l’Archivio E. Crispolti."
41,1926 p303,[Figure sulla spiaggia],1926-28,1926 p303,,,,,,,,,,"originale non noto, opera documentata presso l’Archivio E. Crispolti.",,,,,,,54,"Recto:
L’Arca di Noè, 1926 ca.
Numero d’archivio: 1926 p240
Tecnica: olio su tela
Dimensioni: cm 116 x 172
Segni sul recto: no
Segni sul verso: non noto
Collocazione: Collezione Ovidio Jacorossi, Roma
Esposizioni personali:
1996, Francesco Di Cocco. Settant'anni di ricerca dal Futurismo alle strutture di colore puro,
Galleria Narciso, Torino.
Esposizioni collettive:
1929, II Convegno di Roma, Palazzo Doria, Roma;
1990, Roma anni Venti. Pittura scultura e arti applicate, Palazzo Rondanini, Roma;
1991, Piero della Francesca e il Novecento, Sansepolcro, Museo Civico, Sala delle Pietre, Venezia.
Bibliografia:
Giovanni Scheiwiller, Art Italien Moderne, Éditions Bonaparte, Paris 1930, ripr. p. 45 (con il titolo
L’Arche de Noë);
Roma anni Venti. Pittura scultura e arti applicate, catalogo della mostra, a cura di Valerio
Rivosecchi, Regione Lazio, Roma 1990, ripr. p. 91;
Marco Di Capua, Sulla scena romana, in «Il Giornale», Milano, 8 luglio 1990;
Piero della Francesca e il Novecento, catalogo della mostra, a cura di Maria Mimita Lamberti,
Maurizio Fagiolo dell’Arco, Marsilio, Venezia 1991, ripr. p. 119;
Francesco Di Cocco. Dal futurismo alla Scuola Romana 1917-1938, catalogo della mostra, a cura
di Lucia Stefanelli Torossi, con testi di Enrico Crispolti, Carlo Alberto Bucci, Cristiana Perrella,
Edizioni Arco Farnese, Roma 1991, ripr. p. 14;
Francesco Di Cocco. Settant'anni di ricerca dal Futurismo alle strutture di colore puro, catalogo
della mostra, con testi di Titina Maselli, Enrico Crispolti, Antonio Rava, Carlo Alberto Bucci,
Quaderni dell’Archivio Crispolti, Officina Edizioni, Roma 1996, ripr. p. 18;
Roma 1918-1943, catalogo della mostra, a cura di Fabio Benzi, Gianni Mercurio, Luigi Prisco,
Viviani, Roma 1998, ripr. p. 30.
Note:
Scheiwiller (1930) data l’opera al 1928, tuttavia Crispolti (1991) p. 22 nota 19 ha documentato
convincentemente la datazione al 1926 ca. su basi di varia natura: una testimonianza retrospettiva
dell’artista del 1984, osservazioni stilistiche; e il rinvenimento di un foglio “su cui l’artista ha
disegnato uno studio per L’arca di Noè accanto ad altri due, più piccoli, per il Cristo e i pescatori
del 1925-primi mesi del 1926. Il disegno in questione è riprodotto nello stesso volume a p. 20."
42,1926 p240,L’Arca di Noè,1926 ca.,1926 p240,olio su tela,cm 116 x 172,no,non noto,"Collezione Ovidio Jacorossi, Roma",,"1996, Francesco Di Cocco. Settant'anni di ricerca dal Futurismo alle strutture di colore puro, Galleria Narciso, Torino.","1929, II Convegno di Roma, Palazzo Doria, Roma;
1990, Roma anni Venti. Pittura scultura e arti applicate, Palazzo Rondanini, Roma;
1991, Piero della Francesca e il Novecento, Sansepolcro, Museo Civico, Sala delle Pietre, Venezia.","Giovanni Scheiwiller, Art Italien Moderne, Éditions Bonaparte, Paris 1930, ripr. p. 45 (con il titolo L’Arche de Noë);
Roma anni Venti. Pittura scultura e arti applicate, catalogo della mostra, a cura di Valerio Rivosecchi, Regione Lazio, Roma 1990, ripr. p. 91;
Marco Di Capua, Sulla scena romana, in «Il Giornale», Milano, 8 luglio 1990;
Piero della Francesca e il Novecento, catalogo della mostra, a cura di Maria Mimita Lamberti, Maurizio Fagiolo dell’Arco, Marsilio, Venezia 1991, ripr. p. 119;
Francesco Di Cocco. Dal futurismo alla Scuola Romana 1917-1938, catalogo della mostra, a cura di Lucia Stefanelli Torossi, con testi di Enrico Crispolti, Carlo Alberto Bucci, Cristiana Perrella, Edizioni Arco Farnese, Roma 1991, ripr. p. 14;
Francesco Di Cocco. Settant'anni di ricerca dal Futurismo alle strutture di colore puro, catalogo della mostra, con testi di Titina Maselli, Enrico Crispolti, Antonio Rava, Carlo Alberto Bucci, Quaderni dell’Archivio Crispolti, Officina Edizioni, Roma 1996, ripr. p. 18;
Roma 1918-1943, catalogo della mostra, a cura di Fabio Benzi, Gianni Mercurio, Luigi Prisco, Viviani, Roma 1998, ripr. p. 30.","Scheiwiller (1930) data l’opera al 1928, tuttavia Crispolti (1991) p. 22 nota 19 ha documentato convincentemente la datazione al 1926 ca. su basi di varia natura: una testimonianza retrospettiva dell’artista del 1984, osservazioni stilistiche; e il rinvenimento di un foglio “su cui l’artista ha disegnato uno studio per L’arca di Noè accanto ad altri due, più piccoli, per il Cristo e i pescatori del 1925-primi mesi del 1926. Il disegno in questione è riprodotto nello stesso volume a p. 20.",,,,,,,55-56,"Recto:
Verso:
[Autoritratto], 1926-1927
Numero d’archivio: 1926 p25
Tecnica: olio su tela
Dimensioni: cm 60 x 40,5
Segni sul recto: no
Segni sul verso: cartellino adesivo in alto a sinistra con il numero d’archivio «P.25»
Collocazione: collezione privata, Roma
Esposizioni personali:
1991, Francesco Di Cocco. Dal futurismo alla Scuola Romana 1917-1938, Galleria Arco Farnese,
Roma.
Bibliografia:
Francesco Di Cocco. Dal futurismo alla Scuola Romana 1917-1938, catalogo della mostra, a cura
di Lucia Stefanelli Torossi, con testi di Enrico Crispolti, Carlo Alberto Bucci, Cristiana Perrella,
Edizioni Arco Farnese, Roma 1991, ripr. tav. n. 27.
Note:
Restauro Antonio Rava, 1991. Bucci (1991) ricorda la rimozione, nel restauro del 1991, delle
pesanti ridipinture apportate dall’artista in tarda età, che hanno compromesso la leggibilità
dell’immagine, rendendo difficile il confronto stilistico. Nonostante ciò, propone una datazione
intorno al 1926–27, fondata sulla semplificazione geometrica e l’accentuata rotondità dei
lineamenti, riscontrabile anche in opere quali L’arca di Noè (cfr. 1926 p240) e Ufficiale della
Guardia (cfr. 1927 p14)."
43,1926 p25,[Autoritratto],1926-1927,1926 p25,olio su tela,"cm 60 x 40,5",no,cartellino adesivo in alto a sinistra con il numero d’archivio «P.25»,"collezione privata, Roma",,"1991, Francesco Di Cocco. Dal futurismo alla Scuola Romana 1917-1938, Galleria Arco Farnese, Roma.",,"Francesco Di Cocco. Dal futurismo alla Scuola Romana 1917-1938, catalogo della mostra, a cura di Lucia Stefanelli Torossi, con testi di Enrico Crispolti, Carlo Alberto Bucci, Cristiana Perrella, Edizioni Arco Farnese, Roma 1991, ripr. tav. n. 27.","Restauro Antonio Rava, 1991. Bucci (1991) ricorda la rimozione, nel restauro del 1991, delle pesanti ridipinture apportate dall’artista in tarda età, che hanno compromesso la leggibilità dell’immagine, rendendo difficile il confronto stilistico. Nonostante ciò, propone una datazione intorno al 1926–27, fondata sulla semplificazione geometrica e l’accentuata rotondità dei lineamenti, riscontrabile anche in opere quali L’arca di Noè (cfr. 1926 p240) e Ufficiale della Guardia (cfr. 1927 p14).",,,,,,,56-57,"Recto:
Verso:
[Paesaggio con torre sul mare], 1927 ca.
Numero d’archivio: 1927 p 65 (a) e (b)
Tecnica: olio su tavola
Dimensioni: cm 33,5 x 39,3
Segni sul recto: no
Segni sul verso: Paesaggio con edificio sullo sfondo forse coevo all’immagine del recto, alterato
radicalmente in epoca tarda, probabilmente 1980-89
Collocazione: collezione privata, Roma
Esposizioni personali:
1991, Francesco Di Cocco. Dal futurismo alla Scuola Romana 1917-1938, Galleria Arco Farnese,
Roma.
1996, Francesco Di Cocco. Settant'anni di ricerca dal Futurismo alle strutture di colore puro,
Galleria Narciso, Torino.
Bibliografia:
Francesco Di Cocco. Dal futurismo alla Scuola Romana 1917-1938, catalogo della mostra, a cura
di Lucia Stefanelli Torossi, con testi di Enrico Crispolti, Carlo Alberto Bucci, Cristiana Perrella,
Edizioni Arco Farnese, Roma 1991, ripr. tav. n. 30.
Note:
Restauro Antonio Rava, 1991. Bucci (1991) data l’opera intorno al 1927 in virtù della somiglianza
con le architetture, l’albero e le tonalità chiare di Donna sull’aia."
44,1927 p 65 (a) e (b),[Paesaggio con torre sul mare],1927 ca.,1927 p 65 (a) e (b),olio su tavola,"cm 33,5 x 39,3",no,"Paesaggio con edificio sullo sfondo forse coevo all’immagine del recto, alterato radicalmente in epoca tarda, probabilmente 1980-89","collezione privata, Roma",,"1991, Francesco Di Cocco. Dal futurismo alla Scuola Romana 1917-1938, Galleria Arco Farnese, Roma.
1996, Francesco Di Cocco. Settant'anni di ricerca dal Futurismo alle strutture di colore puro, Galleria Narciso, Torino.",,"Francesco Di Cocco. Dal futurismo alla Scuola Romana 1917-1938, catalogo della mostra, a cura di Lucia Stefanelli Torossi, con testi di Enrico Crispolti, Carlo Alberto Bucci, Cristiana Perrella, Edizioni Arco Farnese, Roma 1991, ripr. tav. n. 30.","Restauro Antonio Rava, 1991. Bucci (1991) data l’opera intorno al 1927 in virtù della somiglianza con le architetture, l’albero e le tonalità chiare di Donna sull’aia.",,,,,,,58-59,"Recto:
[Studio per ""Pentimento di Pietro""], 1927 ca.
Numero d’archivio: 1927 p24
Tecnica: olio su cartone
Dimensioni: cm 49 x 33
Segni sul recto: no
Segni sul verso: non noto
Collocazione: non nota
Esposizioni personali:
1991, Francesco Di Cocco. Dal futurismo alla Scuola Romana 1917-1938, Galleria Arco Farnese,
Roma.
Bibliografia:
Francesco Di Cocco. Dal futurismo alla Scuola Romana. 1917-1938, catalogo della mostra, a cura
di Lucia Stefanelli Torossi, con testi di Enrico Crispolti, Carlo Alberto Bucci e Cristiana Perrella,
Galleria Arco Farnese, Roma, 6 novembre 1991, Edizioni Arco Farnese, Roma 1991, ripr. tav. n.
18."
45,1927 p24,"[Studio per ""Pentimento di Pietro""]",1927 ca.,1927 p24,olio su cartone,cm 49 x 33,no,non noto,non nota,,"1991, Francesco Di Cocco. Dal futurismo alla Scuola Romana 1917-1938, Galleria Arco Farnese, Roma.",,"Francesco Di Cocco. Dal futurismo alla Scuola Romana. 1917-1938, catalogo della mostra, a cura di Lucia Stefanelli Torossi, con testi di Enrico Crispolti, Carlo Alberto Bucci e Cristiana Perrella, Galleria Arco Farnese, Roma, 6 novembre 1991, Edizioni Arco Farnese, Roma 1991, ripr. tav. n. 18.",,,,,,,,59-60,"Recto:
[Studio per ""Pentimento di Pietro""], 1927 ca.
Numero d’archivio: 1927 pa7
Tecnica: gessetti su carta
Dimensioni: cm 53 x 44
Segni sul recto: no
Segni sul verso: non ispezionabile
Collocazione: collezione privata, Roma
Esposizioni personali:
1991, Francesco Di Cocco. Dal futurismo alla Scuola Romana 1917-1938, Galleria Arco Farnese,
Roma.
Bibliografia:
Francesco Di Cocco. Dal futurismo alla Scuola Romana. 1917-1938, catalogo della mostra, a cura
di Lucia Stefanelli Torossi, con testi di Enrico Crispolti, Carlo Alberto Bucci e Cristiana Perrella,
Galleria Arco Farnese, Roma, 6 novembre 1991, Edizioni Arco Farnese, Roma 1991, ripr. tav. n.
17.
Note:
Per tecnica e dimensioni del supporto analoghe a quelle di Donna alla fontana (cfr. 1927 pa6), lo
studio documenta la fase preparatoria del Pentimento di Pietro (1927 p252), differendo dalla
soluzione definitiva per la posizione del basamento, della mano che vi si appoggia e per il disegno
della mantellina (Bucci, 1991)."
46,1927 pa7,"[Studio per ""Pentimento di Pietro""]",1927 ca.,1927 pa7,gessetti su carta,cm 53 x 44,no,non ispezionabile,"collezione privata, Roma",,"1991, Francesco Di Cocco. Dal futurismo alla Scuola Romana 1917-1938, Galleria Arco Farnese, Roma.",,"Francesco Di Cocco. Dal futurismo alla Scuola Romana. 1917-1938, catalogo della mostra, a cura di Lucia Stefanelli Torossi, con testi di Enrico Crispolti, Carlo Alberto Bucci e Cristiana Perrella, Galleria Arco Farnese, Roma, 6 novembre 1991, Edizioni Arco Farnese, Roma 1991, ripr. tav. n. 17.","Per tecnica e dimensioni del supporto analoghe a quelle di Donna alla fontana (cfr. 1927 pa6), lo studio documenta la fase preparatoria del Pentimento di Pietro (1927 p252), differendo dalla soluzione definitiva per la posizione del basamento, della mano che vi si appoggia e per il disegno della mantellina (Bucci, 1991).",,,,,,,60-61,"Recto:
[Studio per ""Pentimento di Pietro""], 1927 ca.
Numero d’archivio: 1927 pa13
Tecnica: gessetti su carta
Dimensioni: cm 32,4 x 44,2
Segni sul recto: no
Segni sul verso: non ispezionabile
Collocazione: collezione privata, Roma
Esposizioni personali:
1991, Francesco Di Cocco. Dal futurismo alla Scuola Romana 1917-1938, Galleria Arco Farnese,
Roma.
Bibliografia:
Francesco Di Cocco. Dal futurismo alla Scuola Romana. 1917-1938, catalogo della mostra, a cura
di Lucia Stefanelli Torossi, con testi di Enrico Crispolti, Carlo Alberto Bucci e Cristiana Perrella,
Galleria Arco Farnese, Roma, 6 novembre 1991, Edizioni Arco Farnese, Roma 1991, ripr. tav. n.
20.
Note:
L’opera è uno studio preparatorio per il paesaggio di sfondo del Pentimento di Pietro (cfr. 1927
p252), dal quale differisce per la presenza delle piccole figure dell’uomo e del cavallo, nel dipinto
definitivo occultate dal braccio sinistro della figura femminile posta di spalle in primo piano (Bucci,
1991). Restauro Barbara Jatta, 1991."
47,1927 pa13,"[Studio per ""Pentimento di Pietro""]",1927 ca.,1927 pa13,gessetti su carta,"cm 32,4 x 44,2",no,non ispezionabile,"collezione privata, Roma",,"1991, Francesco Di Cocco. Dal futurismo alla Scuola Romana 1917-1938, Galleria Arco Farnese, Roma.",,"Francesco Di Cocco. Dal futurismo alla Scuola Romana. 1917-1938, catalogo della mostra, a cura di Lucia Stefanelli Torossi, con testi di Enrico Crispolti, Carlo Alberto Bucci e Cristiana Perrella, Galleria Arco Farnese, Roma, 6 novembre 1991, Edizioni Arco Farnese, Roma 1991, ripr. tav. n. 20.","L’opera è uno studio preparatorio per il paesaggio di sfondo del Pentimento di Pietro (cfr. 1927 p252), dal quale differisce per la presenza delle piccole figure dell’uomo e del cavallo, nel dipinto definitivo occultate dal braccio sinistro della figura femminile posta di spalle in primo piano (Bucci, 1991). Restauro Barbara Jatta, 1991.",,,,,,,61-62,"Recto:
Verso:
Donna alla fontana, 1927 ca.
Numero d’archivio: 1927 pa6
Tecnica: gessetti su carta
Dimensioni: cm 53 x 43,5
Segni sul recto: «Fr Di Cocco 927» in basso a sinistra
Segni sul verso: disegno preparatorio per il recto
Collocazione: collezione privata, Roma
Esposizioni personali:
1932, Terza Mostra del Sindacato Regionale Fascista Belle Arti del Lazio, Palazzo delle
Esposizioni, Roma;
1991, Francesco Di Cocco. Dal futurismo alla Scuola Romana 1917-1938, Galleria Arco Farnese,
Roma.
Bibliografia:
Terza mostra del Sindacato Regionale Fascista Belle arti del Lazio, catalogo della mostra, Arti
Grafiche Enzo Pinci, Roma 1932, sala XV, n. 6, p. 52;
Alberto Neppi, Alla terza mostra del Sindacato Laziale, la sala retrospettiva dello scultore
Canevari e le rassegne individuali, in «Il Lavoro Fascista», Roma, 12 marzo 1932, ripr.;
Alberto Francini, Cronache delle Belle Arti, La terza mostra del Sindacato Laziale, in «L'Italia
Letteraria», Roma, 13 marzo 1932, ripr. p. 4;
Francesco Di Cocco. Dal futurismo alla Scuola Romana 1917-1938, catalogo della mostra, a cura
di Lucia Stefanelli Torossi, con testi di Enrico Crispolti, Carlo Alberto Bucci, Cristiana Perrella,
Edizioni Arco Farnese, Roma 1991, ripr. tav. n. 19.
Note:
In occasione della mostra romana del 1932, Di Cocco ha attribuito il titolo autonomo Donna alla
fontana a questo studio preparatorio per il Pentimento di Pietro (cfr. 1927 p252)."
48,1927 pa6,Donna alla fontana,1927 ca.,1927 pa6,gessetti su carta,"cm 53 x 43,5",«Fr Di Cocco 927» in basso a sinistra,disegno preparatorio per il recto,"collezione privata, Roma",,"1932, Terza Mostra del Sindacato Regionale Fascista Belle Arti del Lazio, Palazzo delle Esposizioni, Roma;
1991, Francesco Di Cocco. Dal futurismo alla Scuola Romana 1917-1938, Galleria Arco Farnese, Roma.",,"Terza mostra del Sindacato Regionale Fascista Belle arti del Lazio, catalogo della mostra, Arti Grafiche Enzo Pinci, Roma 1932, sala XV, n. 6, p. 52;
Alberto Neppi, Alla terza mostra del Sindacato Laziale, la sala retrospettiva dello scultore Canevari e le rassegne individuali, in «Il Lavoro Fascista», Roma, 12 marzo 1932, ripr.;
Alberto Francini, Cronache delle Belle Arti, La terza mostra del Sindacato Laziale, in «L'Italia Letteraria», Roma, 13 marzo 1932, ripr. p. 4;
Francesco Di Cocco. Dal futurismo alla Scuola Romana 1917-1938, catalogo della mostra, a cura di Lucia Stefanelli Torossi, con testi di Enrico Crispolti, Carlo Alberto Bucci, Cristiana Perrella, Edizioni Arco Farnese, Roma 1991, ripr. tav. n. 19.","In occasione della mostra romana del 1932, Di Cocco ha attribuito il titolo autonomo Donna alla fontana a questo studio preparatorio per il Pentimento di Pietro (cfr. 1927 p252).",,,,,,,62-64,"Recto:
Pentimento di Pietro, 1927 ca.
Numero d’archivio: 1927 p252
Tecnica: olio su tela
Dimensioni: cm 100 x 150
Segni sul recto: no
Segni sul verso: non noto
Collocazione: collezione Ovidio Jacorossi, Roma
Esposizioni personali:
1984, Di Cocco nomade, solitario, contemplativo dal futurismo alle strutture di colore puro, Chiesa
di S. Paolo, Pinacoteca e Musei Comunali, Macerata;
1991, Francesco Di Cocco. Dal futurismo alla Scuola Romana 1917-1938, Galleria Arco Farnese,
Roma;
1996, Francesco Di Cocco. Settant'anni di ricerca dal Futurismo alle strutture di colore puro,
Galleria Narciso, Torino.
Esposizioni collettive:
1929, II Convegno di Roma, Palazzo Doria, Roma.
Bibliografia:
Corrado Pavolini, Artisti giovani al Convegno di Roma, in «Il Tevere», Roma, 23 gennaio 1929,
ripr. (con il titolo Composizione);
Di Cocco nomade, solitario, contemplativo dal futurismo alle strutture di colore puro, catalogo
della mostra, a cura di Enrico Crispolti, con note bio-bibliografiche di Daniela Pagliai, Coopedit,
Macerata 1984, ripr. n. 8, p. 8;
Francesco Di Cocco. Dal futurismo alla Scuola Romana 1917-1938, catalogo della mostra, a cura
di Lucia Stefanelli Torossi, con testi di Enrico Crispolti, Carlo Alberto Bucci, Cristiana Perrella,
Edizioni Arco Farnese, Roma 1991, ripr. tav. n. 16;
Carlo Pirovano (a cura di), La pittura in Italia. Il Novecento, vol. II, Electa, Milano 1991, ripr. n.
689, p. 497.
Note:
La presenza dell’opera alla mostra romana di Palazzo Doria del 1929 è attestata da una fotografia
pubblicata nella recensione di Pavolini del 23 gennaio 1929. Bucci (1991) ricorda che nel catalogo
dell’antologica di Macerata del 1984 il dipinto fu datato, su indicazione dell’artista, al 1925 circa;
tuttavia, la presenza di uno studio per la figura femminile all’estremità destra, firmato e datato 1927
(Donna alla fontana), consente di posticipare la datazione di circa due anni."
49,1927 p252,Pentimento di Pietro,1927 ca.,1927 p252,olio su tela,cm 100 x 150,no,non noto,"collezione Ovidio Jacorossi, Roma",,"1984, Di Cocco nomade, solitario, contemplativo dal futurismo alle strutture di colore puro, Chiesa di S. Paolo, Pinacoteca e Musei Comunali, Macerata;
1991, Francesco Di Cocco. Dal futurismo alla Scuola Romana 1917-1938, Galleria Arco Farnese, Roma;
1996, Francesco Di Cocco. Settant'anni di ricerca dal Futurismo alle strutture di colore puro, Galleria Narciso, Torino.","1929, II Convegno di Roma, Palazzo Doria, Roma.","Corrado Pavolini, Artisti giovani al Convegno di Roma, in «Il Tevere», Roma, 23 gennaio 1929, ripr. (con il titolo Composizione);
Di Cocco nomade, solitario, contemplativo dal futurismo alle strutture di colore puro, catalogo della mostra, a cura di Enrico Crispolti, con note bio-bibliografiche di Daniela Pagliai, Coopedit, Macerata 1984, ripr. n. 8, p. 8;
Francesco Di Cocco. Dal futurismo alla Scuola Romana 1917-1938, catalogo della mostra, a cura di Lucia Stefanelli Torossi, con testi di Enrico Crispolti, Carlo Alberto Bucci, Cristiana Perrella, Edizioni Arco Farnese, Roma 1991, ripr. tav. n. 16;
Carlo Pirovano (a cura di), La pittura in Italia. Il Novecento, vol. II, Electa, Milano 1991, ripr. n. 689, p. 497.","La presenza dell’opera alla mostra romana di Palazzo Doria del 1929 è attestata da una fotografia pubblicata nella recensione di Pavolini del 23 gennaio 1929. Bucci (1991) ricorda che nel catalogo dell’antologica di Macerata del 1984 il dipinto fu datato, su indicazione dell’artista, al 1925 circa; tuttavia, la presenza di uno studio per la figura femminile all’estremità destra, firmato e datato 1927 (Donna alla fontana), consente di posticipare la datazione di circa due anni.",,,,,,,64-65,"Recto:
[Donna seduta con braccio destro poggiato sul ginocchio sinistro], 1927 ca.
Numero d’archivio: 1927 p122
Note:
originale non noto, opera documentata presso l’Archivio E. Crispolti."
50,1927 p122,[Donna seduta con braccio destro poggiato sul ginocchio sinistro],1927 ca.,1927 p122,,,,,,,,,,"originale non noto, opera documentata presso l’Archivio E. Crispolti.",,,,,,,65-66,"Recto:
Verso:
[Figura con turbante], 1927 ca.
Numero d’archivio: 1927 p223
Tecnica: olio su cartone
Dimensioni: cm 58,5 x 41
Segni sul recto: «Fr Di Cocco» in alto a sinistra
Segni sul verso: in alto al centro scritto a penna «P. 223»; al centro a sinistra cartellino apposto
dall’Archivio Arte Contemporanea Crispolti Associazione Culturale, che riporta il nome
dell’autore: «Francesco Di Cocco», titolo dell’opera: «Figura con turbante», data: «1927», tecnica:
«olio su cartone», dimensioni «58,5x41»; in basso a sinistra scritto a penna: «Esposto alla [Gradiva]
nel giugno del ‘74»; cartellino adesivo in basso al centro con il numero d’archivio «P. 223»
Collocazione: collezione privata, Roma
Esposizioni personali:
1991, Francesco Di Cocco. Dal futurismo alla Scuola Romana 1917-1938, Galleria Arco Farnese,
Roma;
1996, Francesco Di Cocco. Settant'anni di ricerca dal Futurismo alle strutture di colore puro,
Galleria Narciso, Torino.
Esposizioni collettive:
1927, Cavalli, Capogrossi, Di Cocco, Hotel Dinesen, Roma;
1974, [Gradiva], [Firenze].
Bibliografia:
Wart Arslan, Una mostra giovanile, in «Corriere d’Italia», Roma, 28 giugno 1927;
Francesco Di Cocco. Dal futurismo alla Scuola Romana 1917-1938, catalogo della mostra, a cura
di Lucia Stefanelli Torossi, con testi di Enrico Crispolti, Carlo Alberto Bucci, Cristiana Perrella,
Edizioni Arco Farnese, Roma 1991, ripr. tav. n. 24;
Francesco Di Cocco. Settant'anni di ricerca dal Futurismo alle strutture di colore puro, catalogo
della mostra, con testi di Titina Maselli, Enrico Crispolti, Antonio Rava, Carlo Alberto Bucci,
Quaderni dell’Archivio Crispolti, Officina Edizioni, Roma 1996, ripr. p. 19;
Angelo Mistrangelo, “Contemporanea” con Francesco Di Cocco in tre gallerie. Futurismo, poi
Informale, in «La Stampa», Torino, 24 marzo 1996 ripr.;
Sergio Innocenti, Galleria “Narciso”, Di Cocco: 1919-1952, in «Corriere dell’Arte», Volvera,
1996, ripr.
Note:
L’opera può essere identificata con il dipinto esposto con il n. 54 alla mostra romana del 1927,
ricordato da Arslan nella recensione sul Corriere d’Italia del 28 giugno 1927. Il confronto con
l’Ufficiale della Guardia (cfr. 1927 p14) confermerebbe tale ipotesi, per l’identica intonazione
cromatica dei rossi, dei gialli e dei bruni (Bucci, 1991)."
51,1927 p223,[Figura con turbante],1927 ca.,1927 p223,olio su cartone,"cm 58,5 x 41",«Fr Di Cocco» in alto a sinistra,"in alto al centro scritto a penna «P. 223»; al centro a sinistra cartellino apposto dall’Archivio Arte Contemporanea Crispolti Associazione Culturale, che riporta il nome dell’autore: «Francesco Di Cocco», titolo dell’opera: «Figura con turbante», data: «1927», tecnica: «olio su cartone», dimensioni «58,5x41»; in basso a sinistra scritto a penna: «Esposto alla [Gradiva] nel giugno del ‘74»; cartellino adesivo in basso al centro con il numero d’archivio «P. 223»","collezione privata, Roma",,"1991, Francesco Di Cocco. Dal futurismo alla Scuola Romana 1917-1938, Galleria Arco Farnese, Roma;
1996, Francesco Di Cocco. Settant'anni di ricerca dal Futurismo alle strutture di colore puro, Galleria Narciso, Torino.","1927, Cavalli, Capogrossi, Di Cocco, Hotel Dinesen, Roma;
1974, [Gradiva], [Firenze].","Wart Arslan, Una mostra giovanile, in «Corriere d’Italia», Roma, 28 giugno 1927;
Francesco Di Cocco. Dal futurismo alla Scuola Romana 1917-1938, catalogo della mostra, a cura di Lucia Stefanelli Torossi, con testi di Enrico Crispolti, Carlo Alberto Bucci, Cristiana Perrella, Edizioni Arco Farnese, Roma 1991, ripr. tav. n. 24;
Francesco Di Cocco. Settant'anni di ricerca dal Futurismo alle strutture di colore puro, catalogo della mostra, con testi di Titina Maselli, Enrico Crispolti, Antonio Rava, Carlo Alberto Bucci, Quaderni dell’Archivio Crispolti, Officina Edizioni, Roma 1996, ripr. p. 19;
Angelo Mistrangelo, “Contemporanea” con Francesco Di Cocco in tre gallerie. Futurismo, poi Informale, in «La Stampa», Torino, 24 marzo 1996 ripr.;
Sergio Innocenti, Galleria “Narciso”, Di Cocco: 1919-1952, in «Corriere dell’Arte», Volvera, 1996, ripr.","L’opera può essere identificata con il dipinto esposto con il n. 54 alla mostra romana del 1927, ricordato da Arslan nella recensione sul Corriere d’Italia del 28 giugno 1927. Il confronto con l’Ufficiale della Guardia (cfr. 1927 p14) confermerebbe tale ipotesi, per l’identica intonazione cromatica dei rossi, dei gialli e dei bruni (Bucci, 1991).",,,,,,,66-67,"Recto:
[Figura femminile seduta], 1927 ca.
Numero d’archivio: 1927 pa3
Tecnica: gessetti su carta
Dimensioni: cm 59,2 x 45,2
Segni sul recto: «Fr Di Cocco 927» in basso a sinistra
Segni sul verso: non ispezionabile
Collocazione: collezione privata, Roma
Esposizioni personali:
1991, Francesco Di Cocco. Dal futurismo alla Scuola Romana 1917-1938, Galleria Arco Farnese,
Roma.
Bibliografia:
Francesco Di Cocco. Dal futurismo alla Scuola Romana 1917-1938, catalogo della mostra, a cura
di Lucia Stefanelli Torossi, con testi di Enrico Crispolti, Carlo Alberto Bucci, Cristiana Perrella,
Edizioni Arco Farnese, Roma 1991, ripr. tav. n. 21."
52,1927 pa3,[Figura femminile seduta],1927 ca.,1927 pa3,gessetti su carta,"cm 59,2 x 45,2",«Fr Di Cocco 927» in basso a sinistra,non ispezionabile,"collezione privata, Roma",,"1991, Francesco Di Cocco. Dal futurismo alla Scuola Romana 1917-1938, Galleria Arco Farnese, Roma.",,"Francesco Di Cocco. Dal futurismo alla Scuola Romana 1917-1938, catalogo della mostra, a cura di Lucia Stefanelli Torossi, con testi di Enrico Crispolti, Carlo Alberto Bucci, Cristiana Perrella, Edizioni Arco Farnese, Roma 1991, ripr. tav. n. 21.",,,,,,,,68,"Recto:
Verso:
[Studio per ""Les Oranges""], 1927 ca.
Numero d’archivio: 1927 pa10
Tecnica: gessetti su carta
Dimensioni: cm 64 x 51,5
Segni sul recto: no
Segni sul verso: macchie di colore blu, giallastro e verde
Collocazione: collezione privata, Roma
Esposizioni personali:
1991, Francesco Di Cocco. Dal futurismo alla Scuola Romana 1917-1938, Galleria Arco Farnese,
Roma.
Bibliografia:
Francesco Di Cocco. Dal futurismo alla Scuola Romana 1917-1938, catalogo della mostra, a cura
di Lucia Stefanelli Torossi, con testi di Enrico Crispolti, Carlo Alberto Bucci, Cristiana Perrella,
Edizioni Arco Farnese, Roma 1991, ripr. tav. n. 22.
Note:
Questo gessetto su carta può essere identificato, come riporta Bucci (1991), con il titolo [Studio per
""Le arance""], come uno studio preparatorio per il dipinto Les Oranges, datato al 1927, ubicazione
ignota (cfr.1927 p263). Tale titolo e datazione sono riportati in G. Scheiwiller, Art Italien Moderne,
Éditions Bonaparte, Parigi 1930, p. 91, ripr. p. 45."
53,1927 pa10,"[Studio per ""Les Oranges""]",1927 ca.,1927 pa10,gessetti su carta,"cm 64 x 51,5",no,"macchie di colore blu, giallastro e verde","collezione privata, Roma",,"1991, Francesco Di Cocco. Dal futurismo alla Scuola Romana 1917-1938, Galleria Arco Farnese, Roma.",,"Francesco Di Cocco. Dal futurismo alla Scuola Romana 1917-1938, catalogo della mostra, a cura di Lucia Stefanelli Torossi, con testi di Enrico Crispolti, Carlo Alberto Bucci, Cristiana Perrella, Edizioni Arco Farnese, Roma 1991, ripr. tav. n. 22.","Questo gessetto su carta può essere identificato, come riporta Bucci (1991), con il titolo [Studio per ""Le arance""], come uno studio preparatorio per il dipinto Les Oranges, datato al 1927, ubicazione ignota (cfr.1927 p263). Tale titolo e datazione sono riportati in G. Scheiwiller, Art Italien Moderne, Éditions Bonaparte, Parigi 1930, p. 91, ripr. p. 45.",,,,,,,69-70,"Recto:
Les Oranges, 1927 ca.
Numero d’archivio: 1927 p263
Bibliografia:
Giovanni Scheiwiller, Art Italien Moderne, Éditions Bonaparte, Paris 1930, ripr. p. 45.
Note:
ubicazione ignota, opera documentata presso l’Archivio E. Crispolti."
54,1927 p263,Les Oranges,1927 ca.,1927 p263,,,,,,,,,"Giovanni Scheiwiller, Art Italien Moderne, Éditions Bonaparte, Paris 1930, ripr. p. 45.","ubicazione ignota, opera documentata presso l’Archivio E. Crispolti.",,,,,,,70,"Recto:
Verso:
Donna sull'aia o Figura sulla soglia, 1927 ca.
Numero d’archivio: 1927 p264
Tecnica: olio su tavola
Dimensioni: cm 58 x 50
Segni sul recto: «Fr. Di Cocco» in basso a destra
Segni sul verso: in alto a destra scritto a matita il numero d’archivio «P264»; nella parte superiore a
destra in verticale «Di Cocco»
Collocazione: collezione privata, Roma
Esposizioni personali:
1991, Francesco Di Cocco. Dal futurismo alla Scuola Romana 1917-1938, Galleria Arco Farnese,
Roma;
1996, Francesco Di Cocco. Settant'anni di ricerca dal Futurismo alle strutture di colore puro,
Galleria Narciso, Torino.
Bibliografia:
Di Cocco nomade, solitario, contemplativo dal futurismo alle strutture di colore puro, catalogo
della mostra, a cura di Enrico Crispolti, con note bio-bibliografiche di Daniela Pagliai, Coopedit,
Macerata 1984, ripr. n. 14, p. 11;
Francesco Di Cocco. Dal futurismo alla Scuola Romana 1917-1938, catalogo della mostra, a cura
di Lucia Stefanelli Torossi, con testi di Enrico Crispolti, Carlo Alberto Bucci, Cristiana Perrella,
Edizioni Arco Farnese, Roma 1991, ripr. tav. n. 31.
Note:
Come suggerisce Bucci (1991), sebbene nel catalogo della mostra di Macerata (1984) l’opera sia
datata al 1930, l’analisi stilistica ne suggerisce una collocazione intorno al 1927, per le affinità con
L’incontro di Giacobbe e Rebecca, eseguito da Mazzacurati utilizzando un manichino prestatogli da
Di Cocco (cfr. Perrella 1991, p. 27) e in particolare nell’uso di elementi del paesaggio come quinte
architettoniche scenografiche e nel panneggio all’antica delle vesti."
55,1927 p264,Donna sull'aia o Figura sulla soglia,1927 ca.,1927 p264,olio su tavola,cm 58 x 50,«Fr. Di Cocco» in basso a destra,in alto a destra scritto a matita il numero d’archivio «P264»; nella parte superiore a destra in verticale «Di Cocco»,"collezione privata, Roma",,"1991, Francesco Di Cocco. Dal futurismo alla Scuola Romana 1917-1938, Galleria Arco Farnese, Roma;
1996, Francesco Di Cocco. Settant'anni di ricerca dal Futurismo alle strutture di colore puro, Galleria Narciso, Torino.",,"Di Cocco nomade, solitario, contemplativo dal futurismo alle strutture di colore puro, catalogo della mostra, a cura di Enrico Crispolti, con note bio-bibliografiche di Daniela Pagliai, Coopedit, Macerata 1984, ripr. n. 14, p. 11;
Francesco Di Cocco. Dal futurismo alla Scuola Romana 1917-1938, catalogo della mostra, a cura di Lucia Stefanelli Torossi, con testi di Enrico Crispolti, Carlo Alberto Bucci, Cristiana Perrella, Edizioni Arco Farnese, Roma 1991, ripr. tav. n. 31.","Come suggerisce Bucci (1991), sebbene nel catalogo della mostra di Macerata (1984) l’opera sia datata al 1930, l’analisi stilistica ne suggerisce una collocazione intorno al 1927, per le affinità con L’incontro di Giacobbe e Rebecca, eseguito da Mazzacurati utilizzando un manichino prestatogli da Di Cocco (cfr. Perrella 1991, p. 27) e in particolare nell’uso di elementi del paesaggio come quinte architettoniche scenografiche e nel panneggio all’antica delle vesti.",,,,,,,71-72,"Recto:
Verso:
Ufficiale della Guardia, 1927 ca.
Numero d’archivio: 1927 p14
Tecnica: olio su tavola
Dimensioni: cm 46 x 33,8
Segni sul recto: «Fr Di Cocco» in alto a sinistra
Segni sul verso: cartellino adesivo in alto a sinistra con il numero d’archivio «P.14»; nella parte
superiore scritta a matita «[mano] di [olio di lino] cotto con soluzione d'ambra [?] di lino a [?]»;
nella parte inferiore è visibile un rapido schizzo a matita di forma circolare, mentre sul margine
sinistro compare una colatura verticale di colore bruno; il supporto presenta inoltre un foro di
sospensione centrale
Collocazione: collezione privata, Roma
Esposizioni personali:
1991, Francesco Di Cocco. Dal futurismo alla Scuola Romana 1917-1938, Galleria Arco Farnese,
Roma;
1996, Francesco Di Cocco. Settant'anni di ricerca dal Futurismo alle strutture di colore puro,
Galleria Narciso, Torino.
Esposizioni collettive:
1927, Cavalli, Capogrossi, Di Cocco, Hotel Dinesen, Roma.
Bibliografia:
Corrado Pavolini, Tre giovani, in «Il Tevere», Roma, 11 giugno 1927;
Wart Arslan, Una mostra giovanile, in «Corriere d’Italia», Roma, 28 giugno 1927;
Francesco Di Cocco. Dal futurismo alla Scuola Romana 1917-1938, catalogo della mostra, a cura
di Lucia Stefanelli Torossi, con testi di Enrico Crispolti, Carlo Alberto Bucci, Cristiana Perrella,
Edizioni Arco Farnese, Roma 1991, ripr. tav. n. 23.
Note:
Bucci (1991) mette in relazione “l’Ufficiale della Guardia (n. 48)”, ricordato da Arslan nella
recensione alla mostra all’Hotel Dinesen con l’unico dipinto di Di Cocco di tale soggetto
identificabile con l’opera in esame. Per il tipo di figura dai lineamenti arrotondati l’opera si colloca
nel contesto dei lavori del 1926–27 (Pentimento di Pietro cfr. 1927 p252 e L’arca di Noè cfr. 1926
p240), mentre per la pittura e le tonalità calde si distacca dalla matrice quattrocentesca mostrando
un influsso della pittura di Goya, cui risale anche il coevo Studio da “La Tirana” cfr. 1927 p308."
56,1927 p14,Ufficiale della Guardia,1927 ca.,1927 p14,olio su tavola,"cm 46 x 33,8",«Fr Di Cocco» in alto a sinistra,"cartellino adesivo in alto a sinistra con il numero d’archivio «P.14»; nella parte superiore scritta a matita «[mano] di [olio di lino] cotto con soluzione d'ambra [?] di lino a [?]»; nella parte inferiore è visibile un rapido schizzo a matita di forma circolare, mentre sul margine sinistro compare una colatura verticale di colore bruno; il supporto presenta inoltre un foro di sospensione centrale","collezione privata, Roma",,"1991, Francesco Di Cocco. Dal futurismo alla Scuola Romana 1917-1938, Galleria Arco Farnese, Roma;
1996, Francesco Di Cocco. Settant'anni di ricerca dal Futurismo alle strutture di colore puro, Galleria Narciso, Torino.","1927, Cavalli, Capogrossi, Di Cocco, Hotel Dinesen, Roma.","Corrado Pavolini, Tre giovani, in «Il Tevere», Roma, 11 giugno 1927;
Wart Arslan, Una mostra giovanile, in «Corriere d’Italia», Roma, 28 giugno 1927;
Francesco Di Cocco. Dal futurismo alla Scuola Romana 1917-1938, catalogo della mostra, a cura di Lucia Stefanelli Torossi, con testi di Enrico Crispolti, Carlo Alberto Bucci, Cristiana Perrella, Edizioni Arco Farnese, Roma 1991, ripr. tav. n. 23.","Bucci (1991) mette in relazione “l’Ufficiale della Guardia (n. 48)”, ricordato da Arslan nella recensione alla mostra all’Hotel Dinesen con l’unico dipinto di Di Cocco di tale soggetto identificabile con l’opera in esame. Per il tipo di figura dai lineamenti arrotondati l’opera si colloca nel contesto dei lavori del 1926–27 (Pentimento di Pietro cfr. 1927 p252 e L’arca di Noè cfr. 1926 p240), mentre per la pittura e le tonalità calde si distacca dalla matrice quattrocentesca mostrando un influsso della pittura di Goya, cui risale anche il coevo Studio da “La Tirana” cfr. 1927 p308.",,,,,,,72-74,"Recto:
Verso:
[Venere], 1927 ca.
Numero d’archivio: 1927 p21
Tecnica: olio su cartone
Dimensioni: cm 30 x 44
Segni sul recto: «Fr Di Cocco» in basso a sinistra
Segni sul verso: cartellino adesivo in alto a destra con il numero d’archivio «P.21»
Collocazione: collezione privata, Roma
Esposizioni personali:
1991, Francesco Di Cocco. Dal futurismo alla Scuola Romana 1917-1938, Galleria Arco Farnese,
Roma;
1996, Francesco Di Cocco. Settant'anni di ricerca dal Futurismo alle strutture di colore puro,
Galleria Narciso, Torino.
Esposizioni collettive:
[1927, Cavalli, Capogrossi, Di Cocco, Hotel Dinesen, Roma];
1998, Roma 1918-1943, Chiostro del Bramante, Roma.
Bibliografia:
[Wart Arslan, Una mostra giovanile, in «Corriere d’Italia», Roma, 28 giugno 1927];
Francesco Di Cocco. Dal futurismo alla Scuola Romana 1917-1938, catalogo della mostra, a cura
di Lucia Stefanelli Torossi, con testi di Enrico Crispolti, Carlo Alberto Bucci, Cristiana Perrella,
Edizioni Arco Farnese, Roma 1991, ripr. tav. n. 29;
Roma 1918-1943, catalogo della mostra, a cura di Fabio Benzi, Gianni Mercurio, Luigi Prisco,
Viviani, Roma 1998, ripr. p. 248.
Note:
Secondo Bucci (1991) l’opera potrebbe essere identificata con uno dei “piacevoli pastiches
dall’antico” ricordati da Arslan nella recensione alla mostra dell’Hotel Dinesen del 1927. Per le
calde tonalità dei bruni e dei rossi il piccolo olio si avvicina alle opere esposte in tale occasione
(Ufficiale della Guardia cfr. 1927 p14, e Figura con turbante cfr. 1927 p223), pur distinguendosene
per una resa più sommaria delle figure."
57,1927 p21,[Venere],1927 ca.,1927 p21,olio su cartone,cm 30 x 44,«Fr Di Cocco» in basso a sinistra,cartellino adesivo in alto a destra con il numero d’archivio «P.21»,"collezione privata, Roma",,"1991, Francesco Di Cocco. Dal futurismo alla Scuola Romana 1917-1938, Galleria Arco Farnese, Roma;
1996, Francesco Di Cocco. Settant'anni di ricerca dal Futurismo alle strutture di colore puro, Galleria Narciso, Torino.","[1927, Cavalli, Capogrossi, Di Cocco, Hotel Dinesen, Roma];
1998, Roma 1918-1943, Chiostro del Bramante, Roma.","[Wart Arslan, Una mostra giovanile, in «Corriere d’Italia», Roma, 28 giugno 1927];
Francesco Di Cocco. Dal futurismo alla Scuola Romana 1917-1938, catalogo della mostra, a cura di Lucia Stefanelli Torossi, con testi di Enrico Crispolti, Carlo Alberto Bucci, Cristiana Perrella, Edizioni Arco Farnese, Roma 1991, ripr. tav. n. 29;
Roma 1918-1943, catalogo della mostra, a cura di Fabio Benzi, Gianni Mercurio, Luigi Prisco, Viviani, Roma 1998, ripr. p. 248.","Secondo Bucci (1991) l’opera potrebbe essere identificata con uno dei “piacevoli pastiches dall’antico” ricordati da Arslan nella recensione alla mostra dell’Hotel Dinesen del 1927. Per le calde tonalità dei bruni e dei rossi il piccolo olio si avvicina alle opere esposte in tale occasione (Ufficiale della Guardia cfr. 1927 p14, e Figura con turbante cfr. 1927 p223), pur distinguendosene per una resa più sommaria delle figure.",,,,,,,74-76,"Recto:
Verso:
[Studio da ""La Tirana""], 1927 ca.
Numero d’archivio: 1927 p308 (a) e (b)
Tecnica: olio su cartone
Dimensioni: cm 32,5 x 37
Segni sul recto: no
Segni sul verso: [Natura morta], 1927 ca., olio su cartone
Collocazione: collezione privata, Roma
Esposizioni personali:
1991, Francesco Di Cocco. Dal futurismo alla Scuola Romana 1917-1938, Galleria Arco Farnese,
Roma;
1996, Francesco Di Cocco. Settant'anni di ricerca dal Futurismo alle strutture di colore puro,
Galleria Narciso, Torino.
Bibliografia:
Francesco Di Cocco. Dal futurismo alla Scuola Romana 1917-1938, catalogo della mostra, a cura
di Lucia Stefanelli Torossi, con testi di Enrico Crispolti, Carlo Alberto Bucci, Cristiana Perrella,
Edizioni Arco Farnese, Roma 1991, ripr. tav. n. 25, 26.
Note:
Nella realizzazione dell’opera l’artista si ispira a La Tirana di Goya; secondo Bucci (1991) la
datazione può essere collocata intorno al 1926-27, sulla base della caratteristica resa arrotondata dei
lineamenti, tipica delle opere di Di Cocco di quegli anni (cfr. Ufficiale della Guardia 1927 p14).
Sul verso del cartone è presente una Natura morta eseguita negli stessi anni. Restauro Antonio
Rava, 1990."
58,1927 p308 (a) e (b),"[Studio da ""La Tirana""]",1927 ca.,1927 p308 (a) e (b),olio su cartone,"cm 32,5 x 37",no,"[Natura morta], 1927 ca., olio su cartone","collezione privata, Roma",,"1991, Francesco Di Cocco. Dal futurismo alla Scuola Romana 1917-1938, Galleria Arco Farnese, Roma;
1996, Francesco Di Cocco. Settant'anni di ricerca dal Futurismo alle strutture di colore puro, Galleria Narciso, Torino.",,"Francesco Di Cocco. Dal futurismo alla Scuola Romana 1917-1938, catalogo della mostra, a cura di Lucia Stefanelli Torossi, con testi di Enrico Crispolti, Carlo Alberto Bucci, Cristiana Perrella, Edizioni Arco Farnese, Roma 1991, ripr. tav. n. 25, 26.","Nella realizzazione dell’opera l’artista si ispira a La Tirana di Goya; secondo Bucci (1991) la datazione può essere collocata intorno al 1926-27, sulla base della caratteristica resa arrotondata dei lineamenti, tipica delle opere di Di Cocco di quegli anni (cfr. Ufficiale della Guardia 1927 p14). Sul verso del cartone è presente una Natura morta eseguita negli stessi anni. Restauro Antonio Rava, 1990.",,,,,,,76-77,"Recto:
[Paggio], 1927 ca.
Numero d’archivio: 1927 p269
Esposizioni personali:
1932, Terza Mostra del Sindacato Regionale Fascista Belle Arti del Lazio, Palazzo delle
Esposizioni, Roma.
Bibliografia:
Terza mostra del Sindacato Regionale Fascista Belle arti del Lazio, catalogo della mostra, Enzo
Pinci, Roma 1932, sala XV, n. 2, p. 52.
Note:
Originale non noto, opera documentata presso l’Archivio E. Crispolti."
59,1927 p269,[Paggio],1927 ca.,1927 p269,,,,,,,"1932, Terza Mostra del Sindacato Regionale Fascista Belle Arti del Lazio, Palazzo delle Esposizioni, Roma.",,"Terza mostra del Sindacato Regionale Fascista Belle arti del Lazio, catalogo della mostra, Enzo Pinci, Roma 1932, sala XV, n. 2, p. 52.","Originale non noto, opera documentata presso l’Archivio E. Crispolti.",,,,,,,77-78,"Recto:
Verso:
[Paesaggio con ciminiera], 1927-1928
Numero d’archivio: 1927 p267
Tecnica: olio su tela
Dimensioni: cm 52,5 x 60
Segni sul recto: «Fr Di Cocco» in basso a destra
Segni sul verso: cartellino adesivo in alto a sinistra con il numero d’archivio «P.267»; in alto a
destra a penna «1991» e timbro «Galleria Arco Farnese»
Collocazione: collezione privata, Roma
Esposizioni personali:
1991, Francesco Di Cocco. Dal futurismo alla Scuola Romana 1917-1938, Galleria Arco Farnese,
Roma;
1996, Francesco Di Cocco. Settant'anni di ricerca dal Futurismo alle strutture di colore puro,
Galleria Narciso, Torino.
Esposizioni collettive:
2010, Mazzacurati. La felicità della compiutezza espressiva, Casino dei Principi, Roma, Sala
Esposizioni Chiostri di San Domenico, Reggio Emilia.
Bibliografia:
Francesco Di Cocco. Dal futurismo alla Scuola Romana 1917-1938, catalogo della mostra, a cura
di Lucia Stefanelli Torossi, con testi di Enrico Crispolti, Carlo Alberto Bucci, Cristiana Perrella,
Edizioni Arco Farnese, Roma 1991, ripr. tav. n. 32;
Francesco Di Cocco. Settant'anni di ricerca dal Futurismo alle strutture di colore puro, catalogo
della mostra, con testi di Titina Maselli, Enrico Crispolti, Antonio Rava, Carlo Alberto Bucci,
Quaderni dell’Archivio Crispolti, Officina Edizioni, Roma 1996, ripr. p. 20;
Mazzacurati. La felicità della compiutezza espressiva, catalogo della mostra, a cura di Silvana
Bonfili, Annapaola Agati, Palombi, Roma 2009, ripr. tav. n. 11, p. 66.
Note:
Restauro Antonio Rava, 1990."
60,1927 p267,[Paesaggio con ciminiera],1927-1928,1927 p267,olio su tela,"cm 52,5 x 60",«Fr Di Cocco» in basso a destra,cartellino adesivo in alto a sinistra con il numero d’archivio «P.267»; in alto a destra a penna «1991» e timbro «Galleria Arco Farnese»,"collezione privata, Roma",,"1991, Francesco Di Cocco. Dal futurismo alla Scuola Romana 1917-1938, Galleria Arco Farnese, Roma;
1996, Francesco Di Cocco. Settant'anni di ricerca dal Futurismo alle strutture di colore puro, Galleria Narciso, Torino.","2010, Mazzacurati. La felicità della compiutezza espressiva, Casino dei Principi, Roma, Sala Esposizioni Chiostri di San Domenico, Reggio Emilia.","Francesco Di Cocco. Dal futurismo alla Scuola Romana 1917-1938, catalogo della mostra, a cura di Lucia Stefanelli Torossi, con testi di Enrico Crispolti, Carlo Alberto Bucci, Cristiana Perrella, Edizioni Arco Farnese, Roma 1991, ripr. tav. n. 32;
Francesco Di Cocco. Settant'anni di ricerca dal Futurismo alle strutture di colore puro, catalogo della mostra, con testi di Titina Maselli, Enrico Crispolti, Antonio Rava, Carlo Alberto Bucci, Quaderni dell’Archivio Crispolti, Officina Edizioni, Roma 1996, ripr. p. 20;
Mazzacurati. La felicità della compiutezza espressiva, catalogo della mostra, a cura di Silvana Bonfili, Annapaola Agati, Palombi, Roma 2009, ripr. tav. n. 11, p. 66.","Restauro Antonio Rava, 1990.",,,,,,,78-80,"Recto:
Verso:
[Paesaggio con grande montagna scura], 1927-1928
Numero d’archivio: 1927 p95
Tecnica: mista su cartone
Dimensioni: cm 32,5 x 39,1
Segni sul recto: no
Segni sul verso: cartellino adesivo in alto a sinistra con il numero d’archivio «P.95»; segni e
macchie di colore sul cartone
Collocazione: collezione privata, Roma
Note:
Opera molto ritoccata con gessetti negli ultimi anni di vita dell’artista."
61,1927 p95,[Paesaggio con grande montagna scura],1927-1928,1927 p95,mista su cartone,"cm 32,5 x 39,1",no,cartellino adesivo in alto a sinistra con il numero d’archivio «P.95»; segni e macchie di colore sul cartone,"collezione privata, Roma",,,,,Opera molto ritoccata con gessetti negli ultimi anni di vita dell’artista.,,,,,,,80-81,"Recto:
Verso:
[Paesaggio con ciminiera], 1927-1928
Numero d’archivio: 1927 p183
Tecnica: mista su compensato
Dimensioni: cm 20,5 x 29
Segni sul recto: no
Segni sul verso: cartellino adesivo in alto a destra con il numero d’archivio «P.183»
Collocazione: collezione privata, Roma
Note:
Opera molto ritoccata negli ultimi anni di vita dell’artista."
62,1927 p183,[Paesaggio con ciminiera],1927-1928,1927 p183,mista su compensato,"cm 20,5 x 29",no,cartellino adesivo in alto a destra con il numero d’archivio «P.183»,"collezione privata, Roma",,,,,Opera molto ritoccata negli ultimi anni di vita dell’artista.,,,,,,,81-82,"Recto:
Verso:
[Paesaggio con ciminiera], 1927 ca.
Numero d’archivio: 1927 p68
Tecnica: olio su tavola
Dimensioni: cm 42 x 50,2
Segni sul recto: no
Segni sul verso: cartellino adesivo in alto a sinistra con il numero d’archivio «P.68»; macchie e
segni di colore ai lati; al centro fase preparatoria di un dipinto a forma di ovale lasciato incompiuto
Collocazione: collezione privata, Roma
Note:
Opera molto ritoccata negli ultimi anni di vita dell’artista. Restauro Antonio Rava, 1991."
63,1927 p68,[Paesaggio con ciminiera],1927 ca.,1927 p68,olio su tavola,"cm 42 x 50,2",no,cartellino adesivo in alto a sinistra con il numero d’archivio «P.68»; macchie e segni di colore ai lati; al centro fase preparatoria di un dipinto a forma di ovale lasciato incompiuto,"collezione privata, Roma",,,,,"Opera molto ritoccata negli ultimi anni di vita dell’artista. Restauro Antonio Rava, 1991.",,,,,,,82-83,"Recto:
[Paesaggio con ponte], 1928 ca.
Numero d’archivio: 1928 p161
Note:
Originale non noto, opera documentata presso l’Archivio E. Crispolti."
64,1928 p161,[Paesaggio con ponte],1928 ca.,1928 p161,,,,,,,,,,"Originale non noto, opera documentata presso l’Archivio E. Crispolti.",,,,,,,83-84,"Recto:
[Paesaggio con tre figure in primo piano], 1928-1930
Numero d’archivio: 1928 p162
Note:
Originale non noto, opera documentata presso l’Archivio E. Crispolti."
65,1928 p162,[Paesaggio con tre figure in primo piano],1928-1930,1928 p162,,,,,,,,,,"Originale non noto, opera documentata presso l’Archivio E. Crispolti.",,,,,,,84-85,"Recto:
[Paesaggio con alberi case]
Numero d’archivio: senza data p151
Note:
Originale non noto, opera documentata presso l’Archivio E. Crispolti."
66,p151,[Paesaggio con alberi case],,senza data p151,,,,,,,,,,"Originale non noto, opera documentata presso l’Archivio E. Crispolti.",,,,,,,85,"Recto:
Divertimento, 1928 ca.
Numero d’archivio: 1928 p268
Esposizioni personali:
1932, Terza Mostra del Sindacato Regionale Fascista Belle Arti del Lazio, Palazzo delle
Esposizioni, Roma.
Bibliografia:
Terza mostra del Sindacato Regionale Fascista Belle arti del Lazio, catalogo della mostra, Arti
Grafiche Enzo Pinci, Roma 1932, sala XV, pp. 52-53;
Corrado Pavolini, La III mostra del Sindacato Laziale, note al catalogo, in «Il Tevere», Roma, 10
marzo 1932;
Alberto Neppi, Alla terza mostra del Sindacato Laziale, la sala retrospettiva dello scultore
Canevari e le rassegne individuali, in «Il Lavoro Fascista», Roma, 12 marzo 1932;
Alberto Francini, Cronache delle Belle Arti, La terza mostra del Sindacato Laziale, in «L'Italia
Letteraria», Roma, 13 marzo 1932;
Francesco Sapori, L'arte e il Sindacato di Roma, in «Rassegna dell'Istruzione artistica», Urbino, 2
aprile 1932, ripr. p. 93.
Note:
Originale non noto, opera documentata presso l’Archivio E. Crispolti. La datazione al 1928 è
riportata nel catalogo della mostra del 1932 al Palazzo delle Esposizioni, nella quale il pittore
presenta altri cinque dipinti dello stesso soggetto, attualmente non identificati."
67,1928 p268,Divertimento,1928 ca.,1928 p268,,,,,,,"1932, Terza Mostra del Sindacato Regionale Fascista Belle Arti del Lazio, Palazzo delle Esposizioni, Roma.",,"Terza mostra del Sindacato Regionale Fascista Belle arti del Lazio, catalogo della mostra, Arti Grafiche Enzo Pinci, Roma 1932, sala XV, pp. 52-53;
Corrado Pavolini, La III mostra del Sindacato Laziale, note al catalogo, in «Il Tevere», Roma, 10 marzo 1932;
Alberto Neppi, Alla terza mostra del Sindacato Laziale, la sala retrospettiva dello scultore Canevari e le rassegne individuali, in «Il Lavoro Fascista», Roma, 12 marzo 1932;
Alberto Francini, Cronache delle Belle Arti, La terza mostra del Sindacato Laziale, in «L'Italia Letteraria», Roma, 13 marzo 1932;
Francesco Sapori, L'arte e il Sindacato di Roma, in «Rassegna dell'Istruzione artistica», Urbino, 2 aprile 1932, ripr. p. 93.","Originale non noto, opera documentata presso l’Archivio E. Crispolti. La datazione al 1928 è riportata nel catalogo della mostra del 1932 al Palazzo delle Esposizioni, nella quale il pittore presenta altri cinque dipinti dello stesso soggetto, attualmente non identificati.",,,,,,,85-86,"Recto:
Palloncino o La mongolfiera, 1928-1929
Numero d’archivio: 1928 p104
Tecnica: olio su tela
Dimensioni: cm 35 x 43
Segni sul recto: «Di Cocco» in basso a destra
Segni sul verso: non noto
Collocazione: non nota
Esposizioni personali:
1932, Terza Mostra del Sindacato Regionale Fascista Belle Arti del Lazio, Palazzo delle
Esposizioni, Roma;
1991, Francesco Di Cocco. Dal futurismo alla Scuola Romana 1917-1938, Galleria Arco Farnese,
Roma.
Bibliografia:
Terza mostra del Sindacato Regionale Fascista Belle arti del Lazio, catalogo della mostra, Arti
Grafiche Enzo Pinci, Roma 1932, sala XV, n. 28, p. 53;
Di Cocco nomade, solitario, contemplativo dal futurismo alle strutture di colore puro, catalogo
della mostra, a cura di Enrico Crispolti, con note bio-bibliografiche di Daniela Pagliai, Coopedit,
Macerata 1984, ripr. n. 12, p. 10 (con il titolo Mongolfiera sul fiume);
Francesco Di Cocco. Dal futurismo alla Scuola Romana 1917-1938, catalogo della mostra, a cura
di Lucia Stefanelli Torossi, con testi di Enrico Crispolti, Carlo Alberto Bucci, Cristiana Perrella,
Edizioni Arco Farnese, Roma 1991, ripr. tav. n. 34 (con il titolo Palloncino o La mongolfiera);
Mario Verdone, Un pittore e cineasta romano: Francesco Di Cocco, in «Strenna dei Romanisti:
natale di Roma», Roma, 1992, ripr. p. 637.
Note:
Bucci (1991) segnala che il titolo Palloncino compare sulla targhetta apposta in occasione della
mostra romana del 1932, mentre nel relativo catalogo l’unica opera riferibile al soggetto risulta
intitolata La mongolfiera. Ricorda inoltre che la figura del pallone aerostatico compare per la prima
volta nei dipinti Divertimenti del 1928 (cfr. 1928 p268). L’olio potrebbe quindi essere stato eseguito
durante il soggiorno parigino del 1928 o nel corso del 1929, dopo il rientro dell’artista a Roma. Nel
Fondo Di Cocco presso l’Archivio E. Crispolti è conservato un disegno che documenta la fase di
preparazione dell’opera (vedi illustrazione).
Illustrazione:"
68,1928 p104,Palloncino o La mongolfiera,1928-1929,1928 p104,olio su tela,cm 35 x 43,«Di Cocco» in basso a destra,non noto,non nota,,"1932, Terza Mostra del Sindacato Regionale Fascista Belle Arti del Lazio, Palazzo delle Esposizioni, Roma;
1991, Francesco Di Cocco. Dal futurismo alla Scuola Romana 1917-1938, Galleria Arco Farnese, Roma.",,"Terza mostra del Sindacato Regionale Fascista Belle arti del Lazio, catalogo della mostra, Arti Grafiche Enzo Pinci, Roma 1932, sala XV, n. 28, p. 53;
Di Cocco nomade, solitario, contemplativo dal futurismo alle strutture di colore puro, catalogo della mostra, a cura di Enrico Crispolti, con note bio-bibliografiche di Daniela Pagliai, Coopedit, Macerata 1984, ripr. n. 12, p. 10 (con il titolo Mongolfiera sul fiume);
Francesco Di Cocco. Dal futurismo alla Scuola Romana 1917-1938, catalogo della mostra, a cura di Lucia Stefanelli Torossi, con testi di Enrico Crispolti, Carlo Alberto Bucci, Cristiana Perrella, Edizioni Arco Farnese, Roma 1991, ripr. tav. n. 34 (con il titolo Palloncino o La mongolfiera);
Mario Verdone, Un pittore e cineasta romano: Francesco Di Cocco, in «Strenna dei Romanisti: natale di Roma», Roma, 1992, ripr. p. 637.","Bucci (1991) segnala che il titolo Palloncino compare sulla targhetta apposta in occasione della mostra romana del 1932, mentre nel relativo catalogo l’unica opera riferibile al soggetto risulta intitolata La mongolfiera. Ricorda inoltre che la figura del pallone aerostatico compare per la prima volta nei dipinti Divertimenti del 1928 (cfr. 1928 p268). L’olio potrebbe quindi essere stato eseguito durante il soggiorno parigino del 1928 o nel corso del 1929, dopo il rientro dell’artista a Roma. Nel Fondo Di Cocco presso l’Archivio E. Crispolti è conservato un disegno che documenta la fase di preparazione dell’opera (vedi illustrazione).",,,,,,,87-88,"Recto:
[Paesaggio fluviale con mongolfiera], 1928-1929
Numero d’archivio: 1928 p318
Note:
originale non noto, opera documentata presso l’Archivio E. Crispolti. Nel Fondo Di Cocco presso
l’Archivio E. Crispolti è conservato un disegno che documenta la fase di preparazione dell’opera
(vedi illustrazione).
Illustrazione:"
69,1928 p318,[Paesaggio fluviale con mongolfiera],1928-1929,1928 p318,,,,,,,,,,"originale non noto, opera documentata presso l’Archivio E. Crispolti. Nel Fondo Di Cocco presso l’Archivio E. Crispolti è conservato un disegno che documenta la fase di preparazione dell’opera (vedi illustrazione).",,,,,,,88-89,"Recto:
Le lavandaie, 1928-1929
Numero d’archivio: 1928 p114
Tecnica: olio su tela
Dimensioni: cm 54 x 60
Segni sul recto: «Di Cocco» in basso a destra
Segni sul verso: non noto
Collocazione: Collezione Ovidio Jacorossi, Roma
Esposizioni personali:
1991, Francesco Di Cocco. Dal futurismo alla Scuola Romana 1917-1938, Galleria Arco Farnese,
Roma.
Esposizioni collettive:
1929, Prima Mostra del Sindacato Laziale Fascista degli Artisti, Palazzo delle Esposizioni, Roma.
Bibliografia:
Prima mostra del Sindacato Laziale Fascista degli Artisti, catalogo della mostra, Tip. Dionisio
Squarci & figli, Roma 1929, sala III, n. 2, p. 21;
Di Cocco nomade, solitario, contemplativo dal futurismo alle strutture di colore puro, catalogo
della mostra, a cura di Enrico Crispolti, con note bio-bibliografiche di Daniela Pagliai, Coopedit,
Macerata 1984, p. 14.
Francesco Di Cocco. Dal futurismo alla Scuola Romana 1917-1938, catalogo della mostra, a cura
di Lucia Stefanelli Torossi, con testi di Enrico Crispolti, Carlo Alberto Bucci, Cristiana Perrella,
Edizioni Arco Farnese, Roma 1991, ripr. tav. n. 38;
Note:
L’identificazione dell’opera con Le lavandaie esposta alla Prima Mostra del Sindacato Laziale
Fascista degli Artisti (1929), viene ipotizzata da Bucci (1991), in considerazione delle strette
affinità con I tre alberi (cfr. 1929 p262), presentato nella stessa occasione. L’assenza di altri dipinti
noti di Di Cocco con analogo soggetto rafforza tale ipotesi. Nelle carte dell’archivio collezione
Jacorossi è stato anche erroneamente dato il titolo Paesaggio con figure, e la data 1932. Nel Fondo
Di Cocco presso l’Archivio E. Crispolti è conservato un disegno che documenta la fase di
preparazione per le figure sullo sfondo dell’opera (vedi illustrazione).
Illustrazione:"
70,1928 p114,Le lavandaie,1928-1929,1928 p114,olio su tela,cm 54 x 60,«Di Cocco» in basso a destra,non noto,"Collezione Ovidio Jacorossi, Roma",,"1991, Francesco Di Cocco. Dal futurismo alla Scuola Romana 1917-1938, Galleria Arco Farnese, Roma.","1929, Prima Mostra del Sindacato Laziale Fascista degli Artisti, Palazzo delle Esposizioni, Roma.","Prima mostra del Sindacato Laziale Fascista degli Artisti, catalogo della mostra, Tip. Dionisio Squarci & figli, Roma 1929, sala III, n. 2, p. 21;
Di Cocco nomade, solitario, contemplativo dal futurismo alle strutture di colore puro, catalogo della mostra, a cura di Enrico Crispolti, con note bio-bibliografiche di Daniela Pagliai, Coopedit, Macerata 1984, p. 14.
Francesco Di Cocco. Dal futurismo alla Scuola Romana 1917-1938, catalogo della mostra, a cura di Lucia Stefanelli Torossi, con testi di Enrico Crispolti, Carlo Alberto Bucci, Cristiana Perrella, Edizioni Arco Farnese, Roma 1991, ripr. tav. n. 38;","L’identificazione dell’opera con Le lavandaie esposta alla Prima Mostra del Sindacato Laziale Fascista degli Artisti (1929), viene ipotizzata da Bucci (1991), in considerazione delle strette affinità con I tre alberi (cfr. 1929 p262), presentato nella stessa occasione. L’assenza di altri dipinti noti di Di Cocco con analogo soggetto rafforza tale ipotesi. Nelle carte dell’archivio collezione Jacorossi è stato anche erroneamente dato il titolo Paesaggio con figure, e la data 1932. Nel Fondo Di Cocco presso l’Archivio E. Crispolti è conservato un disegno che documenta la fase di preparazione per le figure sullo sfondo dell’opera (vedi illustrazione).",,,,,,,89-91,"Recto
Natura morta, 1928 ca.
Numero d’archivio: 1928 p256
Segni sul recto: «Di Cocco» in basso a sinistra
Esposizioni personali:
1932, Terza Mostra del Sindacato Regionale Fascista Belle Arti del Lazio, Palazzo delle
Esposizioni, Roma.
Esposizioni collettive:
1929-1930, Mostra del centenario della società Amatori e Cultori delle Belle Arti, Seconda mostra
del Sindacato Laziale Fascista di Belle Arti, Palazzo delle Esposizioni, Roma;
1949, Mostra d’Arte Moderna della Sardegna, Opera Bevilacqua La Masa, Venezia.
Bibliografia:
Mostra del Centenario della Soc. Amatori e Cultori di Belle Arti, Seconda mostra del Sindacato
Laziale Fascista di Belle Arti, catalogo della mostra, Arti Grafiche Enzo Pinci, Roma 1930, sala VI,
n. 22, p. 33;
Terza mostra del Sindacato Regionale Fascista Belle arti del Lazio, catalogo della mostra, Enzo
Pinci, Roma 1932, sala XV, [n. 4], [n. 14], p. 52;
Pio Gardenghi, Pittori del Novecento, in «Corriere Padano», Ferrara, 29 marzo 1930;
Alberto Neppi, Alla terza mostra del Sindacato Laziale, la sala retrospettiva dello scultore
Canevari e le rassegne individuali, in «Il Lavoro Fascista», Roma, 12 marzo 1932.
Note:
L’identificazione dell’opera con il dipinto esposto a Roma alla Seconda mostra del Sindacato
Laziale Fascista di Belle Arti del 1930, viene confermata sulla base della descrizione fornita da Pio
Gardenghi sul Corriere Padano nel 1930: “La natura morta (melanzane, porri e una caffettiera) è un
gioiello di fattura, assai plastica, con modulazioni perfette”."
71,1928 p256,Natura morta,1928 ca.,1928 p256,,,«Di Cocco» in basso a sinistra,,,,"1932, Terza Mostra del Sindacato Regionale Fascista Belle Arti del Lazio, Palazzo delle Esposizioni, Roma.","1929-1930, Mostra del centenario della società Amatori e Cultori delle Belle Arti, Seconda mostra del Sindacato Laziale Fascista di Belle Arti, Palazzo delle Esposizioni, Roma;
1949, Mostra d’Arte Moderna della Sardegna, Opera Bevilacqua La Masa, Venezia.","Mostra del Centenario della Soc. Amatori e Cultori di Belle Arti, Seconda mostra del Sindacato Laziale Fascista di Belle Arti, catalogo della mostra, Arti Grafiche Enzo Pinci, Roma 1930, sala VI, n. 22, p. 33;
Terza mostra del Sindacato Regionale Fascista Belle arti del Lazio, catalogo della mostra, Enzo Pinci, Roma 1932, sala XV, [n. 4], [n. 14], p. 52;
Pio Gardenghi, Pittori del Novecento, in «Corriere Padano», Ferrara, 29 marzo 1930;
Alberto Neppi, Alla terza mostra del Sindacato Laziale, la sala retrospettiva dello scultore Canevari e le rassegne individuali, in «Il Lavoro Fascista», Roma, 12 marzo 1932.","L’identificazione dell’opera con il dipinto esposto a Roma alla Seconda mostra del Sindacato Laziale Fascista di Belle Arti del 1930, viene confermata sulla base della descrizione fornita da Pio Gardenghi sul Corriere Padano nel 1930: “La natura morta (melanzane, porri e una caffettiera) è un gioiello di fattura, assai plastica, con modulazioni perfette”.",,,,,,,91-92,"Recto:
[Figure sul prato], 1928-1929
Numero d’archivio: 1928 pa14
Tecnica: gessetti su carta
Dimensioni: cm 49,3 x 42
Segni sul recto: no
Segni sul verso: non noto
Collocazione: non nota
Esposizioni personali:
1991, Francesco Di Cocco. Dal futurismo alla Scuola Romana 1917-1938, Galleria Arco Farnese,
Roma.
Bibliografia:
Francesco Di Cocco. Dal futurismo alla Scuola Romana 1917-1938, catalogo della mostra, a cura
di Lucia Stefanelli Torossi, con testi di Enrico Crispolti, Carlo Alberto Bucci, Cristiana Perrella,
Edizioni Arco Farnese, Roma 1991, ripr. tav. n. 33."
72,1928 pa14,[Figure sul prato],1928-1929,1928 pa14,gessetti su carta,"cm 49,3 x 42",no,non noto,non nota,,"1991, Francesco Di Cocco. Dal futurismo alla Scuola Romana 1917-1938, Galleria Arco Farnese, Roma.",,"Francesco Di Cocco. Dal futurismo alla Scuola Romana 1917-1938, catalogo della mostra, a cura di Lucia Stefanelli Torossi, con testi di Enrico Crispolti, Carlo Alberto Bucci, Cristiana Perrella, Edizioni Arco Farnese, Roma 1991, ripr. tav. n. 33.",,,,,,,,92-93,"Recto
La ragazza e l’arancio, 1929 ca.
Numero d’archivio: 1929 p253
Tecnica: olio su tela
Dimensioni: cm 50 x 50
Segni sul recto: «Di Cocco» in alto a destra
Segni sul verso: non noto
Collocazione: non nota
Esposizioni collettive:
1929, Prima Mostra del Sindacato Laziale Fascista degli Artisti, Palazzo delle Esposizioni, Roma.
Bibliografia:
Prima mostra del Sindacato Laziale Fascista degli Artisti, catalogo della mostra, Tip. Dionisio
Squarci & figli, Roma 1929, sala III, n. 3, p. 21 (con il titolo La ragazza e l’arancio);
Corrado Pavolini, La mostra del Sindacato Artistico Laziale, in «Il Tevere», Roma, 13 aprile 1929;
Giovanni Scheiwiller, Art Italien Moderne, Éditions Bonaparte, Paris 1930, p. 91 (con il titolo La
fille à l’orange), ripr. p. 45.
Di Cocco nomade, solitario, contemplativo dal futurismo alle strutture di colore puro, catalogo
della mostra, a cura di Enrico Crispolti, con note bio-bibliografiche di Daniela Pagliai, Coopedit,
Macerata 1984, ripr. n. 16, p. 12 (con il titolo Ragazza con l’arancia);
Note:
l’opera esposta nella Prima mostra del Sindacato Laziale Fascista degli Artisti con il titolo La
ragazza e l’arancio è stata anche riferita con titoli diversi: La fille à l’orange in Scheiwiller (1930)
e Ragazza con l’arancia in Crispolti (1984)."
73,1929 p253,La ragazza e l’arancio,1929 ca.,1929 p253,olio su tela,cm 50 x 50,«Di Cocco» in alto a destra,non noto,non nota,,,"1929, Prima Mostra del Sindacato Laziale Fascista degli Artisti, Palazzo delle Esposizioni, Roma.","Prima mostra del Sindacato Laziale Fascista degli Artisti, catalogo della mostra, Tip. Dionisio Squarci & figli, Roma 1929, sala III, n. 3, p. 21 (con il titolo La ragazza e l’arancio);
Corrado Pavolini, La mostra del Sindacato Artistico Laziale, in «Il Tevere», Roma, 13 aprile 1929;
Giovanni Scheiwiller, Art Italien Moderne, Éditions Bonaparte, Paris 1930, p. 91 (con il titolo La fille à l’orange), ripr. p. 45.
Di Cocco nomade, solitario, contemplativo dal futurismo alle strutture di colore puro, catalogo della mostra, a cura di Enrico Crispolti, con note bio-bibliografiche di Daniela Pagliai, Coopedit, Macerata 1984, ripr. n. 16, p. 12 (con il titolo Ragazza con l’arancia);",l’opera esposta nella Prima mostra del Sindacato Laziale Fascista degli Artisti con il titolo La ragazza e l’arancio è stata anche riferita con titoli diversi: La fille à l’orange in Scheiwiller (1930) e Ragazza con l’arancia in Crispolti (1984).,,,,,,,93-94,"Recto
I tre alberi (Alla fonte), 1929-30
Numero d’archivio: 1929 p262
Tecnica: olio su tela
Dimensioni: cm 50 x 60
Segni sul recto: no
Segni sul verso: non noto
Collocazione: non nota
Esposizioni collettive:
1929, Prima Mostra del Sindacato Laziale Fascista degli Artisti, Palazzo delle Esposizioni, Roma;
[1931, Settimana Italiana in Atene, Atene.]
Bibliografia:
Prima mostra del Sindacato Laziale Fascista degli Artisti, catalogo della mostra, Tip. Dionisio
Squarci & figli, Roma 1929, sala III, n. 6, p. 21, ripr. (con il titolo I tre alberi);
Di Cocco nomade, solitario, contemplativo dal futurismo alle strutture di colore puro, catalogo
della mostra, a cura di Enrico Crispolti, con note bio-bibliografiche di Daniela Pagliai, Coopedit,
Macerata 1984, ripr. n. 17, p. 13 (con il titolo Alla fonte);
Note:
Come documentato da Cristiana Perrella (1991, p. 127) il quadro intitolato Bozzetto (I tre alberi) è
stato esposto alla mostra Settimana Italiana in Atene, organizzato dall’ente autonomo Biennale di
Venezia (16 aprile-3 maggio 1931) ed è stato venduto per L. 1.337,45. È probabile che si tratti di un
lavoro preparatorio per questo dipinto. La presenza di numerosi disegni sul tema dei tre alberi
sembra indicare che l’artista investisse quest’opera e il soggetto di particolare importanza."
74,1929 p262,I tre alberi (Alla fonte),1929-30,1929 p262,olio su tela,cm 50 x 60,no,non noto,non nota,,,"1929, Prima Mostra del Sindacato Laziale Fascista degli Artisti, Palazzo delle Esposizioni, Roma;
[1931, Settimana Italiana in Atene, Atene.]","Prima mostra del Sindacato Laziale Fascista degli Artisti, catalogo della mostra, Tip. Dionisio Squarci & figli, Roma 1929, sala III, n. 6, p. 21, ripr. (con il titolo I tre alberi);
Di Cocco nomade, solitario, contemplativo dal futurismo alle strutture di colore puro, catalogo della mostra, a cura di Enrico Crispolti, con note bio-bibliografiche di Daniela Pagliai, Coopedit, Macerata 1984, ripr. n. 17, p. 13 (con il titolo Alla fonte);","Come documentato da Cristiana Perrella (1991, p. 127) il quadro intitolato Bozzetto (I tre alberi) è stato esposto alla mostra Settimana Italiana in Atene, organizzato dall’ente autonomo Biennale di Venezia (16 aprile-3 maggio 1931) ed è stato venduto per L. 1.337,45. È probabile che si tratti di un lavoro preparatorio per questo dipinto. La presenza di numerosi disegni sul tema dei tre alberi sembra indicare che l’artista investisse quest’opera e il soggetto di particolare importanza.",,,,,,,94-95,"Recto
Verso
Fantasia, 1929
Numero d’archivio: 1929 p222
Tecnica: olio su tela
Dimensioni: cm 57,5 x 53,5
Segni sul recto: «Di Cocco 29» in basso a sinistra
Segni sul verso: no
Collocazione: collezione privata, Roma
Esposizioni personali:
[1932, Terza Mostra del Sindacato Regionale Fascista Belle Arti del Lazio, Palazzo delle
Esposizioni, Roma];
1991, Francesco Di Cocco. Dal futurismo alla Scuola Romana 1917-1938, Galleria Arco Farnese,
Roma;
1996, Francesco Di Cocco. Settant'anni di ricerca dal Futurismo alle strutture di colore puro,
Galleria Narciso, Torino.
Esposizioni collettive:
[1929, Un groupe d’Italiens de Paris. Brignoni, Campigli, de Chirico, de Pisis, Paresce, Pisano,
Savinio, Severini, Tozzi (peintres), Giacometti (sculpteur), Galerie Zack];
1985, 3° Biennale Nazionale d’Arte Contemporanea, Generazione primo decennio, Palazzo
Vescovile, Rieti;
2012, Anni Trenta. Arti in Italia oltre il fascismo, Palazzo Strozzi, Firenze.
Bibliografia:
[Terza mostra del Sindacato Regionale Fascista Belle arti del Lazio, catalogo della mostra, Arti
Grafiche Enzo Pinci, Roma 1932, sala XV, n. 11, p. 52];
Di Cocco nomade, solitario, contemplativo dal futurismo alle strutture di colore puro, catalogo
della mostra, a cura di Enrico Crispolti, con note bio-bibliografiche di Daniela Pagliai, Coopedit,
Macerata 1984, ripr. n. 18, p. 13;
3° Biennale Nazionale d’Arte Contemporanea. Generazione primo decennio, catalogo della mostra,
a cura di Giorgio Di Genova, Edizioni Bora, Bologna 1985, ripr. n. 35, p. 33;
Ajomone Filiberto Milli, A Rieti la 3° Biennale Nazionale d’Arte “Generazione 1° decennio”, Il
chiaro di luna tinto dei colori dell’anima, in «Frontiera 2000», Città di Castello, 21 aprile 1985,
ripr.;
Francesco Di Cocco. Dal futurismo alla Scuola Romana 1917-1938, catalogo della mostra, a cura
di Lucia Stefanelli Torossi, con testi di Enrico Crispolti, Carlo Alberto Bucci, Cristiana Perrella,
Edizioni Arco Farnese, Roma 1991, ripr. tav. n. 39;
Francesco Di Cocco. Settant'anni di ricerca dal Futurismo alle strutture di colore puro, catalogo
della mostra, con testi di Titina Maselli, Enrico Crispolti, Antonio Rava, Carlo Alberto Bucci,
Quaderni dell’Archivio Crispolti, Officina Edizioni, Roma 1996, ripr. p. 21;
Anni Trenta. Arti in Italia oltre il fascismo, catalogo della mostra, a cura di Antonello Negri con
Silvia Bignami, Paolo Rusconi, Giorgio Zanchetti e Susanna Ragionieri per la sezione Firenze,
Giunti Editore, Firenze 2012, ripr. n. 1.18, p. 36.
Note:
Si propone la presenza dell’opera Fantasia alla mostra Un groupe d’Italiens de Paris in cui l’artista
espose sotto lo pseudonimo di Pisano due opere intitolare Fantaisie (cfr. Perrella, 1991, p. 126). Lo
stesso vale per la presenza dell’opera alla Terza mostra del Sindacato Regionale Fascista Belle arti
del Lazio, proposta da Bucci (1991), che la ritiene probabile, ma non certa, non conoscendo altri
dipinti di questi anni con un tale titolo. Nel Fondo Di Cocco presso l’Archivio E. Crispolti è
conservato un disegno che documenta la fase di preparazione delle due figure in piedi dell’opera
(vedi illustrazione).
Illustrazione:"
75,1929 p222,Fantasia,1929,1929 p222,olio su tela,"cm 57,5 x 53,5",«Di Cocco 29» in basso a sinistra,no,"collezione privata, Roma",,"[1932, Terza Mostra del Sindacato Regionale Fascista Belle Arti del Lazio, Palazzo delle Esposizioni, Roma];
1991, Francesco Di Cocco. Dal futurismo alla Scuola Romana 1917-1938, Galleria Arco Farnese, Roma;
1996, Francesco Di Cocco. Settant'anni di ricerca dal Futurismo alle strutture di colore puro, Galleria Narciso, Torino.","[1929, Un groupe d’Italiens de Paris. Brignoni, Campigli, de Chirico, de Pisis, Paresce, Pisano, Savinio, Severini, Tozzi (peintres), Giacometti (sculpteur), Galerie Zack];
1985, 3° Biennale Nazionale d’Arte Contemporanea, Generazione primo decennio, Palazzo Vescovile, Rieti;
2012, Anni Trenta. Arti in Italia oltre il fascismo, Palazzo Strozzi, Firenze.","[Terza mostra del Sindacato Regionale Fascista Belle arti del Lazio, catalogo della mostra, Arti Grafiche Enzo Pinci, Roma 1932, sala XV, n. 11, p. 52];
Di Cocco nomade, solitario, contemplativo dal futurismo alle strutture di colore puro, catalogo della mostra, a cura di Enrico Crispolti, con note bio-bibliografiche di Daniela Pagliai, Coopedit, Macerata 1984, ripr. n. 18, p. 13;
3° Biennale Nazionale d’Arte Contemporanea. Generazione primo decennio, catalogo della mostra, a cura di Giorgio Di Genova, Edizioni Bora, Bologna 1985, ripr. n. 35, p. 33;
Ajomone Filiberto Milli, A Rieti la 3° Biennale Nazionale d’Arte “Generazione 1° decennio”, Il chiaro di luna tinto dei colori dell’anima, in «Frontiera 2000», Città di Castello, 21 aprile 1985, ripr.;
Francesco Di Cocco. Dal futurismo alla Scuola Romana 1917-1938, catalogo della mostra, a cura di Lucia Stefanelli Torossi, con testi di Enrico Crispolti, Carlo Alberto Bucci, Cristiana Perrella, Edizioni Arco Farnese, Roma 1991, ripr. tav. n. 39;
Francesco Di Cocco. Settant'anni di ricerca dal Futurismo alle strutture di colore puro, catalogo della mostra, con testi di Titina Maselli, Enrico Crispolti, Antonio Rava, Carlo Alberto Bucci, Quaderni dell’Archivio Crispolti, Officina Edizioni, Roma 1996, ripr. p. 21;
Anni Trenta. Arti in Italia oltre il fascismo, catalogo della mostra, a cura di Antonello Negri con Silvia Bignami, Paolo Rusconi, Giorgio Zanchetti e Susanna Ragionieri per la sezione Firenze, Giunti Editore, Firenze 2012, ripr. n. 1.18, p. 36.","Si propone la presenza dell’opera Fantasia alla mostra Un groupe d’Italiens de Paris in cui l’artista espose sotto lo pseudonimo di Pisano due opere intitolare Fantaisie (cfr. Perrella, 1991, p. 126). Lo stesso vale per la presenza dell’opera alla Terza mostra del Sindacato Regionale Fascista Belle arti del Lazio, proposta da Bucci (1991), che la ritiene probabile, ma non certa, non conoscendo altri dipinti di questi anni con un tale titolo. Nel Fondo Di Cocco presso l’Archivio E. Crispolti è conservato un disegno che documenta la fase di preparazione delle due figure in piedi dell’opera (vedi illustrazione).",,,,,,,96-98,"Recto:
[Paesaggio con figure e cavallo bianco], 1929 ca.
Numero d’archivio: 1929 p227
Tecnica: olio su cartone
Dimensioni: cm 75 x 63,5
Segni sul recto: no
Segni sul verso: non noto
Collocazione: non nota
Esposizioni personali:
1991, Francesco Di Cocco. Dal futurismo alla Scuola Romana 1917-1938, Galleria Arco Farnese,
Roma.
Bibliografia:
Francesco Di Cocco. Dal futurismo alla Scuola Romana 1917-1938, catalogo della mostra, a cura
di Lucia Stefanelli Torossi, con testi di Enrico Crispolti, Carlo Alberto Bucci, Cristiana Perrella,
Edizioni Arco Farnese, Roma 1991, ripr. tav. n. 35;
Mario Verdone, Un pittore e cineasta romano: Francesco Di Cocco, in «Strenna dei Romanisti.
Natale di Roma», Roma, 1992, ripr. p. 639.
Note:
Restauro Antonio Rava, 1990."
76,1929 p227,[Paesaggio con figure e cavallo bianco],1929 ca.,1929 p227,olio su cartone,"cm 75 x 63,5",no,non noto,non nota,,"1991, Francesco Di Cocco. Dal futurismo alla Scuola Romana 1917-1938, Galleria Arco Farnese, Roma.",,"Francesco Di Cocco. Dal futurismo alla Scuola Romana 1917-1938, catalogo della mostra, a cura di Lucia Stefanelli Torossi, con testi di Enrico Crispolti, Carlo Alberto Bucci, Cristiana Perrella, Edizioni Arco Farnese, Roma 1991, ripr. tav. n. 35;
Mario Verdone, Un pittore e cineasta romano: Francesco Di Cocco, in «Strenna dei Romanisti. Natale di Roma», Roma, 1992, ripr. p. 639.","Restauro Antonio Rava, 1990.",,,,,,,98-99,"Recto:
[Figura di giovane], 1929 ca.
Numero d’archivio: 1929 p117
Tecnica: olio su cartone
Dimensioni: cm 70 x 47
Segni sul recto: no
Segni sul verso: non noto
Collocazione: non nota
Esposizioni personali:
1991, Francesco Di Cocco. Dal futurismo alla Scuola Romana 1917-1938, Galleria Arco Farnese,
Roma;
1996, Francesco Di Cocco. Settant'anni di ricerca dal Futurismo alle strutture di colore puro,
Galleria Narciso, Torino.
Bibliografia:
Francesco Di Cocco. Dal futurismo alla Scuola Romana 1917-1938, catalogo della mostra, a cura
di Lucia Stefanelli Torossi, con testi di Enrico Crispolti, Carlo Alberto Bucci, Cristiana Perrella,
Edizioni Arco Farnese, Roma 1991, ripr. tav. n. 41;
Silenzi: olii, disegni, grafica, catalogo della mostra, Leonardo Magini, Il Narciso Arte
Contemporanea, Roma 1993, ripr.;
Francesco Di Cocco. Settant'anni di ricerca dal Futurismo alle strutture di colore puro, catalogo
della mostra, con testi di Titina Maselli, Enrico Crispolti, Antonio Rava, Carlo Alberto Bucci,
Quaderni dell’Archivio Crispolti, Officina Edizioni, Roma 1996, ripr. p. 22."
77,1929 p117,[Figura di giovane],1929 ca.,1929 p117,olio su cartone,cm 70 x 47,no,non noto,non nota,,"1991, Francesco Di Cocco. Dal futurismo alla Scuola Romana 1917-1938, Galleria Arco Farnese, Roma;
1996, Francesco Di Cocco. Settant'anni di ricerca dal Futurismo alle strutture di colore puro, Galleria Narciso, Torino.",,"Francesco Di Cocco. Dal futurismo alla Scuola Romana 1917-1938, catalogo della mostra, a cura di Lucia Stefanelli Torossi, con testi di Enrico Crispolti, Carlo Alberto Bucci, Cristiana Perrella, Edizioni Arco Farnese, Roma 1991, ripr. tav. n. 41;
Silenzi: olii, disegni, grafica, catalogo della mostra, Leonardo Magini, Il Narciso Arte Contemporanea, Roma 1993, ripr.;
Francesco Di Cocco. Settant'anni di ricerca dal Futurismo alle strutture di colore puro, catalogo della mostra, con testi di Titina Maselli, Enrico Crispolti, Antonio Rava, Carlo Alberto Bucci, Quaderni dell’Archivio Crispolti, Officina Edizioni, Roma 1996, ripr. p. 22.",,,,,,,,100,"Recto:
[Studio], 1929 ca.
Numero d’archivio: 1929 p305
Note:
Originale non noto, opera documentata presso l’Archivio E. Crispolti."
78,1929 p305,[Studio],1929 ca.,1929 p305,,,,,,,,,,"Originale non noto, opera documentata presso l’Archivio E. Crispolti.",,,,,,,101,"Recto:
[Madonna], 1929
Numero d’archivio: 1929 p265
Esposizioni personali:
1932, Terza Mostra del Sindacato Regionale Fascista Belle Arti del Lazio, Palazzo delle
Esposizioni, Roma.
Bibliografia:
Terza mostra del Sindacato Regionale Fascista Belle arti del Lazio, catalogo della mostra, Arti
Grafiche Enzo Pinci, Roma 1932, sala XV, n. 24, p. 53, ripr. p. L;
Renato Pacini, La III mostra del Sindacato Laziale di Belle Arti, in «Emporium», Bergamo, a.
LXXV, giugno 1932, ripr. p. 247;
Il Quirite, La mostra degli artisti romani, in «Il Resto del Carlino», Bologna, 1° aprile 1932."
79,1929 p265,[Madonna],1929,1929 p265,,,,,,,"1932, Terza Mostra del Sindacato Regionale Fascista Belle Arti del Lazio, Palazzo delle Esposizioni, Roma.",,"Terza mostra del Sindacato Regionale Fascista Belle arti del Lazio, catalogo della mostra, Arti Grafiche Enzo Pinci, Roma 1932, sala XV, n. 24, p. 53, ripr. p. L;
Renato Pacini, La III mostra del Sindacato Laziale di Belle Arti, in «Emporium», Bergamo, a. LXXV, giugno 1932, ripr. p. 247;
Il Quirite, La mostra degli artisti romani, in «Il Resto del Carlino», Bologna, 1° aprile 1932.",,,,,,,,102,"Recto:
Verso:
[Paesaggio con cavallino nero], 1929 ca.
Numero d’archivio: 1929 p272
Tecnica: olio su tela e pastello
Dimensioni: cm 50 x 70
Segni sul recto: no
Segni sul verso: cartellino adesivo in alto a destra con il numero d’archivio «P.272»
Collocazione: collezione privata, Roma
Bibliografia:
Di Cocco nomade, solitario, contemplativo dal futurismo alle strutture di colore puro, catalogo
della mostra, a cura di Enrico Crispolti, con note bio-bibliografiche di Daniela Pagliai, Coopedit,
Macerata 1984, ripr. n. 19, p. 14.
Note:
Il dipinto risulta completamente ritoccato dall’artista dopo il 1984. Nel Fondo Di Cocco presso
l’Archivio E. Crispolti è conservata una fotografia dell’opera, in cui si può vedere l’immagine
prima di essere ritoccata dall’artista (vedi illustrazione).
Illustrazione:"
80,1929 p272,[Paesaggio con cavallino nero],1929 ca.,1929 p272,olio su tela e pastello,cm 50 x 70,no,cartellino adesivo in alto a destra con il numero d’archivio «P.272»,"collezione privata, Roma",,,,"Di Cocco nomade, solitario, contemplativo dal futurismo alle strutture di colore puro, catalogo della mostra, a cura di Enrico Crispolti, con note bio-bibliografiche di Daniela Pagliai, Coopedit, Macerata 1984, ripr. n. 19, p. 14.","Il dipinto risulta completamente ritoccato dall’artista dopo il 1984. Nel Fondo Di Cocco presso l’Archivio E. Crispolti è conservata una fotografia dell’opera, in cui si può vedere l’immagine prima di essere ritoccata dall’artista (vedi illustrazione).",,,,,,,103-104,"Recto:
[Paesaggio con chiesa], 1929 ca.
Numero d’archivio: 1929 p103
Tecnica: olio su tavola
Dimensioni: cm 26 x 40
Segni sul recto: «Di Cocco» in basso a destra
Segni sul verso: non noto
Collocazione: non nota
Esposizioni personali:
1991, Francesco Di Cocco. Dal futurismo alla Scuola Romana 1917-1938, Galleria Arco Farnese,
Roma.
Bibliografia:
Francesco Di Cocco. Dal futurismo alla Scuola Romana 1917-1938, catalogo della mostra, a cura
di Lucia Stefanelli Torossi, con testi di Enrico Crispolti, Carlo Alberto Bucci, Cristiana Perrella,
Edizioni Arco Farnese, Roma 1991, ripr. tav. n. 36.
Note:
Il dipinto si discosta dalla produzione di Di Cocco precedente al soggiorno parigino ed è collocabile
intorno alla fine degli anni Venti; tale cronologia trova conferma nel probabile acquisto dell’opera,
avvenuto nel 1931 insieme ad altri due dipinti databili al 1929 circa (Bucci, 1991)."
81,1929 p103,[Paesaggio con chiesa],1929 ca.,1929 p103,olio su tavola,cm 26 x 40,«Di Cocco» in basso a destra,non noto,non nota,,"1991, Francesco Di Cocco. Dal futurismo alla Scuola Romana 1917-1938, Galleria Arco Farnese, Roma.",,"Francesco Di Cocco. Dal futurismo alla Scuola Romana 1917-1938, catalogo della mostra, a cura di Lucia Stefanelli Torossi, con testi di Enrico Crispolti, Carlo Alberto Bucci, Cristiana Perrella, Edizioni Arco Farnese, Roma 1991, ripr. tav. n. 36.","Il dipinto si discosta dalla produzione di Di Cocco precedente al soggiorno parigino ed è collocabile intorno alla fine degli anni Venti; tale cronologia trova conferma nel probabile acquisto dell’opera, avvenuto nel 1931 insieme ad altri due dipinti databili al 1929 circa (Bucci, 1991).",,,,,,,105,"Recto:
Verso:
[Paesaggio con chiesa VI], 1929 ca.
Numero d’archivio: 1929 p94
Tecnica: mista su cartone
Dimensioni: cm 35,6 x 49,2
Segni sul recto: no
Segni sul verso: in alto a sinistra residuo di pellicola pittorica in malora di colorazione verde con
macchie di marrone; cartellino adesivo in alto al centro con il numero d’archivio «P.94»
Collocazione: collezione privata, Roma
Note:
Restauro Antonio Rava, 1992. Il restauro ha rimosso le tracce degli interventi successivi alla prima
stesura dell’artista. L’opera presenta strette affinità con Paesaggio con chiesa (cfr. 1929 p103); alle
considerazioni espresse per quest’ultimo si rimanda per la definizione della cronologia dell’opera in
esame."
82,1929 p94,[Paesaggio con chiesa VI],1929 ca.,1929 p94,mista su cartone,"cm 35,6 x 49,2",no,in alto a sinistra residuo di pellicola pittorica in malora di colorazione verde con macchie di marrone; cartellino adesivo in alto al centro con il numero d’archivio «P.94»,"collezione privata, Roma",,,,,"Restauro Antonio Rava, 1992. Il restauro ha rimosso le tracce degli interventi successivi alla prima stesura dell’artista. L’opera presenta strette affinità con Paesaggio con chiesa (cfr. 1929 p103); alle considerazioni espresse per quest’ultimo si rimanda per la definizione della cronologia dell’opera in esame.",,,,,,,106-107,"Recto:
Verso:
[Case sulla collina], 1929 ca.
Numero d’archivio: 1929 p40
Tecnica: olio su tavola
Dimensioni: cm 18,9 x 26,6
Segni sul recto: no
Segni sul verso: cartellino adesivo in basso a sinistra con il numero d’archivio «P.40»
Collocazione: collezione privata, Roma
Esposizioni personali:
1991, Francesco Di Cocco. Dal futurismo alla Scuola Romana 1917-1938, Galleria Arco Farnese,
Roma;
1996, Francesco Di Cocco. Settant'anni di ricerca dal Futurismo alle strutture di colore puro,
Galleria Narciso, Torino.
Bibliografia:
Francesco Di Cocco. Dal futurismo alla Scuola Romana 1917-1938, catalogo della mostra, a cura
di Lucia Stefanelli Torossi, con testi di Enrico Crispolti, Carlo Alberto Bucci, Cristiana Perrella,
Edizioni Arco Farnese, Roma 1991, ripr. tav. n. 40.
Note:
Restauro Antonio Rava, 1991. L’opera presenta strette affinità con Paesaggio con chiesa (cfr. 1929
p103); alle considerazioni espresse per quest’ultimo si rimanda per la definizione della cronologia
dell’opera in esame. Nel Fondo Di Cocco presso l’Archivio E. Crispolti viene conservato un
disegno che documenta la fase di preparazione dell’opera (vedi illustrazioni).
Illustrazione:"
83,1929 p40,[Case sulla collina],1929 ca.,1929 p40,olio su tavola,"cm 18,9 x 26,6",no,cartellino adesivo in basso a sinistra con il numero d’archivio «P.40»,"collezione privata, Roma",,"1991, Francesco Di Cocco. Dal futurismo alla Scuola Romana 1917-1938, Galleria Arco Farnese, Roma;
1996, Francesco Di Cocco. Settant'anni di ricerca dal Futurismo alle strutture di colore puro, Galleria Narciso, Torino.",,"Francesco Di Cocco. Dal futurismo alla Scuola Romana 1917-1938, catalogo della mostra, a cura di Lucia Stefanelli Torossi, con testi di Enrico Crispolti, Carlo Alberto Bucci, Cristiana Perrella, Edizioni Arco Farnese, Roma 1991, ripr. tav. n. 40.","Restauro Antonio Rava, 1991. L’opera presenta strette affinità con Paesaggio con chiesa (cfr. 1929 p103); alle considerazioni espresse per quest’ultimo si rimanda per la definizione della cronologia dell’opera in esame. Nel Fondo Di Cocco presso l’Archivio E. Crispolti viene conservato un disegno che documenta la fase di preparazione dell’opera (vedi illustrazioni).",,,,,,,107-108,"Recto:
La bagnante, 1929
Numero d’archivio: 1929 p225
Tecnica: olio su cartone
Dimensioni: cm 40 x 60
Segni sul recto: «Di Cocco 29» in basso a destra
Segni sul verso: non noto
Collocazione: Galleria Nazionale d’Arte Moderna e Contemporanea, Roma
Esposizioni collettive:
1929-1930, Mostra del centenario della società Amatori e Cultori delle Belle Arti, Seconda mostra
del Sindacato Laziale Fascista di Belle Arti, Palazzo delle Esposizioni, Roma.
Bibliografia:
Mostra del Centenario della Soc. Amatori e Cultori di Belle Arti, Seconda mostra del Sindacato
Laziale Fascista di Belle Arti, catalogo della mostra, Arti Grafiche Enzo Pinci, Roma 1930, sala VI,
n. 20, p. 33;
Alberto Francini, Amatori e Cultori e artisti sindacati, in «L'Italia Letteraria», Roma, 2 marzo
1930;
Di Cocco nomade, solitario, contemplativo dal Futurismo alle strutture di colore puro, catalogo
della mostra, a cura di Enrico Crispolti, con note bio-bibliografiche di Daniela Pagliai, Coopedit,
Macerata 1984, ripr. n. 22, p. 14;
Enrico Crispolti, Una riscoperta: Di Cocco, in «La Vernice», a. XXIII, n. 5, ottobre – novembre
1984, ripr. p. 35.
Note:
l’opera è stata datata nella letteratura variamente 1927, 1929, 1930. Il fatto che la Seconda mostra
del Sindacato Laziale Fascista di Belle Arti (dicembre 1929 - marzo 1930), venga generalmente
datata 1930 per distinguerla dalla Prima mostra del Sindacato del 1929 (1° marzo - 30 maggio
1929) deve aver creato un equivoco: di fatto la mostra ha inaugurato nel dicembre 1929, che
esclude la datazione più recente. L’ipotesi del 1927 deriva da un’annotazione sul retro di una
fotografia nel Fondo Di Cocco, presso l’Archivio E. Crispolti, da ritenersi però poco plausibile per
motivi stilistici. La datazione al 1929 è quindi la più plausibile, confermata dall’iscrizione sotto la
firma. Nel Fondo Di Cocco presso l’Archivio E. Crispolti sono conservati dei disegni che
documentano la fase di preparazione dell’opera (vedi illustrazioni).
Illustrazioni:"
84,1929 p255,La bagnante,1929,1929 p225,olio su cartone,cm 40 x 60,«Di Cocco 29» in basso a destra,non noto,"Galleria Nazionale d’Arte Moderna e Contemporanea, Roma",,,"1929-1930, Mostra del centenario della società Amatori e Cultori delle Belle Arti, Seconda mostra del Sindacato Laziale Fascista di Belle Arti, Palazzo delle Esposizioni, Roma.","Mostra del Centenario della Soc. Amatori e Cultori di Belle Arti, Seconda mostra del Sindacato Laziale Fascista di Belle Arti, catalogo della mostra, Arti Grafiche Enzo Pinci, Roma 1930, sala VI, n. 20, p. 33;
Alberto Francini, Amatori e Cultori e artisti sindacati, in «L'Italia Letteraria», Roma, 2 marzo 1930;
Di Cocco nomade, solitario, contemplativo dal Futurismo alle strutture di colore puro, catalogo della mostra, a cura di Enrico Crispolti, con note bio-bibliografiche di Daniela Pagliai, Coopedit, Macerata 1984, ripr. n. 22, p. 14;
Enrico Crispolti, Una riscoperta: Di Cocco, in «La Vernice», a. XXIII, n. 5, ottobre – novembre 1984, ripr. p. 35.","l’opera è stata datata nella letteratura variamente 1927, 1929, 1930. Il fatto che la Seconda mostra del Sindacato Laziale Fascista di Belle Arti (dicembre 1929 - marzo 1930), venga generalmente datata 1930 per distinguerla dalla Prima mostra del Sindacato del 1929 (1° marzo - 30 maggio 1929) deve aver creato un equivoco: di fatto la mostra ha inaugurato nel dicembre 1929, che esclude la datazione più recente. L’ipotesi del 1927 deriva da un’annotazione sul retro di una fotografia nel Fondo Di Cocco, presso l’Archivio E. Crispolti, da ritenersi però poco plausibile per motivi stilistici. La datazione al 1929 è quindi la più plausibile, confermata dall’iscrizione sotto la firma. Nel Fondo Di Cocco presso l’Archivio E. Crispolti sono conservati dei disegni che documentano la fase di preparazione dell’opera (vedi illustrazioni).",,,,,,,109-110,"Recto:
[Famiglia e paesaggio], 1929-1930
Numero d’archivio: 1929 p261
Segni sul recto: «Di Cocco […]» in basso a destra
Segni sul verso: non noto
Collocazione: non nota
Note:
Nel Fondo Di Cocco presso l’Archivio E. Crispolti viene conservato un disegno che documenta lo
studio per la figura in piedi (vedi illustrazione).
Illustrazione:"
85,1929 p261,[Famiglia e paesaggio],1929-1930,1929 p261,,,«Di Cocco […]» in basso a destra,non noto,non nota,,,,,Nel Fondo Di Cocco presso l’Archivio E. Crispolti viene conservato un disegno che documenta lo studio per la figura in piedi (vedi illustrazione).,,,,,,,111-112,"Recto:
Marina o Il Porto, 1929 ca.
Numero d’archivio: 1929 p105
Tecnica: olio su cartone
Dimensioni: cm 40 x 60
Segni sul recto: «Di Cocco» in basso a destra
Segni sul verso: non noto
Collocazione: non nota
Esposizioni personali:
1991, Francesco Di Cocco. Dal futurismo alla Scuola Romana 1917-1938, Galleria Arco Farnese,
Roma.
Esposizioni collettive:
1929, III Mostra Marinara d'Arte, Palazzo delle Esposizioni, Roma;
Bibliografia:
III mostra Marinara d'Arte, catalogo della mostra, Arti Grafiche Ugo Pinnarò, Roma 1929, n. 20, p.
49;
Corrado Pavolini, La terza mostra marinara, in «Il Tevere», Roma, 18 novembre 1929;
Alberto Neppi, Riproduzioni, interpretazioni e consuetudini, in «Il Lavoro Fascista», Roma, 24
novembre 1929;
Francesco Di Cocco. Dal futurismo alla Scuola Romana 1917-1938, catalogo della mostra, a cura
di Lucia Stefanelli Torossi, con testi di Enrico Crispolti, Carlo Alberto Bucci, Cristiana Perrella,
Edizioni Arco Farnese, Roma 1991, ripr. tav. n. 42."
86,1929 p105,Marina o Il Porto,1929 ca.,1929 p105,olio su cartone,cm 40 x 60,«Di Cocco» in basso a destra,non noto,non nota,,"1991, Francesco Di Cocco. Dal futurismo alla Scuola Romana 1917-1938, Galleria Arco Farnese, Roma.","1929, III Mostra Marinara d'Arte, Palazzo delle Esposizioni, Roma;","III mostra Marinara d'Arte, catalogo della mostra, Arti Grafiche Ugo Pinnarò, Roma 1929, n. 20, p. 49;
Corrado Pavolini, La terza mostra marinara, in «Il Tevere», Roma, 18 novembre 1929;
Alberto Neppi, Riproduzioni, interpretazioni e consuetudini, in «Il Lavoro Fascista», Roma, 24 novembre 1929;
Francesco Di Cocco. Dal futurismo alla Scuola Romana 1917-1938, catalogo della mostra, a cura di Lucia Stefanelli Torossi, con testi di Enrico Crispolti, Carlo Alberto Bucci, Cristiana Perrella, Edizioni Arco Farnese, Roma 1991, ripr. tav. n. 42.",,,,,,,,112-113,"Recto:
Verso:
[Donna con vaso sulla testa, casa, albero], fine anni Venti
Numero d’archivio: fine anni Venti p23 (a) e (b)
Tecnica: olio su cartone
Dimensioni: cm 45 x 33,2
Segni sul recto: no
Segni sul verso: sul verso è dipinta una figura astratta rosa, di epoca successiva.
Collocazione: collezione privata, Roma"
87,fine anni Venti p23 (a) e (b),"[Donna con vaso sulla testa, casa, albero]",fine anni Venti,fine anni Venti p23 (a) e (b),olio su cartone,"cm 45 x 33,2",no,"sul verso è dipinta una figura astratta rosa, di epoca successiva.","collezione privata, Roma",,,,,,,,,,,,113-114,"Recto:
Verso:
[Composizione], 1929-30
Numero d’archivio: 1929 p259
Tecnica: olio su cartone
Dimensioni: cm 66 x 50
Segni sul recto: «Di Cocco 930» in basso a destra, visibile in una fotografia dell’opera prima di
essere rimaneggiata, ora totalmente coperta
Segni sul verso: due cartellini adesivi: uno in alto a sinistra e l’altro in basso a destra con il numero
d’archivio «P.259»; in alto a sinistra è presente un'iscrizione che sembra riportare il numero «#
259»; all'interno di un segno ovale tracciato rapidamente a matita, si leggono i numeri «4-5» e, al di
sotto, un'abbreviazione che sembra riportare la sigla «CNI»; al centro sulla sinistra è visibile una
macchia orizzontale di colore nero/bruno
Collocazione: collezione privata, Roma
Esposizioni collettive:
1931, Prima Quadriennale d’Arte Nazionale, Palazzo delle Esposizioni, Roma.
Bibliografia:
Prima Quadriennale d'Arte Nazionale, catalogo della mostra, Edizioni Enzo Pinci, Roma 1931, sala
XXI-A, [n. 13], [n. 15], p. 109;
Pier Maria Bardi, Tradizione e tendenze alla Prima Quadriennale, in «Rassegna dell'Istruzione
Artistica», Urbino, a. 1, n. 8, dicembre 1931, ripr. p. 485;
Alberto Francini, Sale collettive dei pittori romani, in «La Tribuna», Roma, 18 febbraio 1931;
Di Cocco nomade, solitario, contemplativo dal Futurismo alle strutture di colore puro, catalogo
della mostra, a cura di Enrico Crispolti, con note bio-bibliografiche di Daniela Pagliai, Coopedit,
Macerata 1984, ripr. n. 20, p. 14.
Note:
L’opera risulta pesantemente alterata da interventi del pittore in epoca successiva alla realizzazione
dell’opera. L’identificazione del dipinto con una delle due Composizioni, esposte alla Quadriennale
del 1931 è possibile grazie alla riproduzione dell’opera nell’articolo di P. M. Bardi, Tradizione e
tendenze alla Prima Quadriennale, in «Rassegna dell'Istruzione Artistica». Nel Fondo Di Cocco
presso l’Archivio E. Crispolti è conservata una fotografia dell’opera, in cui si può vedere
l’immagine prima di essere ritoccata dall’artista (vedi illustrazione).
Illustrazione:"
88,1929 p259,[Composizione],1929-30,1929 p259,olio su cartone,cm 66 x 50,"«Di Cocco 930» in basso a destra, visibile in una fotografia dell’opera prima di essere rimaneggiata, ora totalmente coperta","due cartellini adesivi: uno in alto a sinistra e l’altro in basso a destra con il numero d’archivio «P.259»; in alto a sinistra è presente un'iscrizione che sembra riportare il numero «# 259»; all'interno di un segno ovale tracciato rapidamente a matita, si leggono i numeri «4-5» e, al di sotto, un'abbreviazione che sembra riportare la sigla «CNI»; al centro sulla sinistra è visibile una macchia orizzontale di colore nero/bruno","collezione privata, Roma",,,"1931, Prima Quadriennale d’Arte Nazionale, Palazzo delle Esposizioni, Roma.","Prima Quadriennale d'Arte Nazionale, catalogo della mostra, Edizioni Enzo Pinci, Roma 1931, sala XXI-A, [n. 13], [n. 15], p. 109;
Pier Maria Bardi, Tradizione e tendenze alla Prima Quadriennale, in «Rassegna dell'Istruzione Artistica», Urbino, a. 1, n. 8, dicembre 1931, ripr. p. 485;
Alberto Francini, Sale collettive dei pittori romani, in «La Tribuna», Roma, 18 febbraio 1931;
Di Cocco nomade, solitario, contemplativo dal Futurismo alle strutture di colore puro, catalogo della mostra, a cura di Enrico Crispolti, con note bio-bibliografiche di Daniela Pagliai, Coopedit, Macerata 1984, ripr. n. 20, p. 14.","L’opera risulta pesantemente alterata da interventi del pittore in epoca successiva alla realizzazione dell’opera. L’identificazione del dipinto con una delle due Composizioni, esposte alla Quadriennale del 1931 è possibile grazie alla riproduzione dell’opera nell’articolo di P. M. Bardi, Tradizione e tendenze alla Prima Quadriennale, in «Rassegna dell'Istruzione Artistica». Nel Fondo Di Cocco presso l’Archivio E. Crispolti è conservata una fotografia dell’opera, in cui si può vedere l’immagine prima di essere ritoccata dall’artista (vedi illustrazione).",,,,,,,114-116,"Recto:
Verso:
[Tre donne e un bambino sullo sfondo di paesaggio], 1929-1930
Numero d’archivio: 1929 p133
Tecnica: olio su tela
Dimensioni: cm 50,5 x 66,5
Segni sul recto: no
Segni sul verso: cartellino adesivo in alto a sinistra con il numero d’archivio «P.133»
Collocazione: collezione privata, Roma"
89,1929 p133,[Tre donne e un bambino sullo sfondo di paesaggio],1929-1930,1929 p133,olio su tela,"cm 50,5 x 66,5",no,cartellino adesivo in alto a sinistra con il numero d’archivio «P.133»,"collezione privata, Roma",,,,,,,,,,,,117,"Recto:
Studio d'uomo, 1929 ca.
Numero d’archivio: 1929 p274
Tecnica: olio su tela
Dimensioni: cm 70 x 50
Segni sul recto: «Di Cocco 29» in basso a sinistra
Segni sul verso: non noto
Collocazione: non nota
Esposizioni personali:
1932, Terza Mostra del Sindacato Regionale Fascista Belle Arti del Lazio, Palazzo delle
Esposizioni, Roma;
1991, Francesco Di Cocco. Dal futurismo alla Scuola Romana 1917-1938, Galleria Arco Farnese,
Roma.
Esposizioni collettive:
1988, Le Scuole Romane: sviluppi e continuità 1927 – 1988, Galleria d’Arte Moderna e
Contemporanea, Palazzo Forti, Verona;
1998, Roma 1918-1943, Chiostro del Bramante, Roma.
Bibliografia:
Terza mostra del Sindacato Regionale Fascista Belle arti del Lazio, catalogo della mostra, Enzo
Pinci, Roma 1932, sala XV, n. 22, p. 52 (con il titolo Studio d'uomo), ripr. p. XLVI;
Il Quirite, La mostra degli artisti romani, in «Il Resto del Carlino», Bologna, 1° aprile 1932;
Le Scuole Romane: sviluppi e continuità 1927 – 1988, catalogo della mostra, a cura di Fabio Benzi,
Enrico Mascelloni, Roberto Lambarelli, De Luca Mondadori, Roma Milano 1988, ripr. p. 61 (con il
titolo Composizione);
Di Cocco nomade, solitario, contemplativo dal futurismo alle strutture di colore puro, catalogo
della mostra, a cura di Enrico Crispolti, con note bio-bibliografiche di Daniela Pagliai, Coopedit,
Macerata 1984, ripr. n. 15, p. 12 (con il titolo Studio);
Maurizio Fagiolo Dell'Arco, Scuola Romana: pittura e scultura a Roma dal 1919 al 1943, De Luca
Editore, Roma 1986, ripr. p. 24;
Francesco Di Cocco. Dal futurismo alla Scuola Romana 1917-1938, catalogo della mostra, a cura
di Lucia Stefanelli Torossi, con testi di Enrico Crispolti, Carlo Alberto Bucci, Cristiana Perrella,
Edizioni Arco Farnese, Roma 1991, ripr. tav. n. 37 (con il titolo Studio d’uomo);
Roma 1918-1943, catalogo della mostra, a cura di Fabio Benzi, Gianni Mercurio, Luigi Prisco,
Viviani, Roma 1998, ripr. p. 301.
Note:
Bucci (1991) specifica che Studio d’uomo è il titolo originale del dipinto, presente nell’elenco delle
opere nel catalogo della Terza mostra del Sindacato Regionale Fascista Belle arti del Lazio del
1932, citato anche nell’articolo de Il Quirite del ‘32 sul «Il Resto del Carlino». La precisazione
avviene poiché nella riproduzione dell’opera nel catalogo della mostra del ’32, compare il titolo
Studio, diversamente da quanto riportato nell’elenco delle opere."
90,1929 p274,Studio d'uomo,1929 ca.,1929 p274,olio su tela,cm 70 x 50,«Di Cocco 29» in basso a sinistra,non noto,non nota,,"1932, Terza Mostra del Sindacato Regionale Fascista Belle Arti del Lazio, Palazzo delle Esposizioni, Roma;
1991, Francesco Di Cocco. Dal futurismo alla Scuola Romana 1917-1938, Galleria Arco Farnese, Roma.","1988, Le Scuole Romane: sviluppi e continuità 1927 – 1988, Galleria d’Arte Moderna e Contemporanea, Palazzo Forti, Verona;
1998, Roma 1918-1943, Chiostro del Bramante, Roma.","Terza mostra del Sindacato Regionale Fascista Belle arti del Lazio, catalogo della mostra, Enzo Pinci, Roma 1932, sala XV, n. 22, p. 52 (con il titolo Studio d'uomo), ripr. p. XLVI;
Il Quirite, La mostra degli artisti romani, in «Il Resto del Carlino», Bologna, 1° aprile 1932;
Le Scuole Romane: sviluppi e continuità 1927 – 1988, catalogo della mostra, a cura di Fabio Benzi, Enrico Mascelloni, Roberto Lambarelli, De Luca Mondadori, Roma Milano 1988, ripr. p. 61 (con il titolo Composizione);
Di Cocco nomade, solitario, contemplativo dal futurismo alle strutture di colore puro, catalogo della mostra, a cura di Enrico Crispolti, con note bio-bibliografiche di Daniela Pagliai, Coopedit, Macerata 1984, ripr. n. 15, p. 12 (con il titolo Studio);
Maurizio Fagiolo Dell'Arco, Scuola Romana: pittura e scultura a Roma dal 1919 al 1943, De Luca Editore, Roma 1986, ripr. p. 24;
Francesco Di Cocco. Dal futurismo alla Scuola Romana 1917-1938, catalogo della mostra, a cura di Lucia Stefanelli Torossi, con testi di Enrico Crispolti, Carlo Alberto Bucci, Cristiana Perrella, Edizioni Arco Farnese, Roma 1991, ripr. tav. n. 37 (con il titolo Studio d’uomo);
Roma 1918-1943, catalogo della mostra, a cura di Fabio Benzi, Gianni Mercurio, Luigi Prisco, Viviani, Roma 1998, ripr. p. 301.","Bucci (1991) specifica che Studio d’uomo è il titolo originale del dipinto, presente nell’elenco delle opere nel catalogo della Terza mostra del Sindacato Regionale Fascista Belle arti del Lazio del 1932, citato anche nell’articolo de Il Quirite del ‘32 sul «Il Resto del Carlino». La precisazione avviene poiché nella riproduzione dell’opera nel catalogo della mostra del ’32, compare il titolo Studio, diversamente da quanto riportato nell’elenco delle opere.",,,,,,,118-119,"Recto:
[Due donne di spalle e paesaggio con ciminiera], 1930 ca.
Numero d’archivio: 1930 p238
Segni sul recto: «Di Cocco» in basso a sinistra
Note:
Originale non noto, opera documentata presso l’Archivio E. Crispolti."
91,1930 p238,[Due donne di spalle e paesaggio con ciminiera],1930 ca.,1930 p238,,,«Di Cocco» in basso a sinistra,,,,,,,"Originale non noto, opera documentata presso l’Archivio E. Crispolti.",,,,,,,120,"Recto:
Verso:
[Donna con bambino], 1930 ca.
Numero d’archivio: 1930 p22
Tecnica: olio su tela
Dimensioni: cm 48,5 x 35,5
Segni sul recto: no
Segni sul verso: cartellino adesivo in alto a sinistra con il numero d’archivio «P.22»; etichetta in
basso a sinistra «22 ‘Donna con bambino’ 1930»
Collocazione: collezione privata, Roma
Esposizioni personali:
1991, Francesco Di Cocco. Dal futurismo alla Scuola Romana 1917-1938, Galleria Arco Farnese,
Roma;
1996, Francesco Di Cocco. Settant'anni di ricerca dal Futurismo alle strutture di colore puro,
Galleria Narciso, Torino.
Bibliografia:
Francesco Di Cocco. Dal futurismo alla Scuola Romana 1917-1938, catalogo della mostra, a cura
di Lucia Stefanelli Torossi, con testi di Enrico Crispolti, Carlo Alberto Bucci, Cristiana Perrella,
Edizioni Arco Farnese, Roma 1991, ripr. tav. n. 43."
92,1930 p22,[Donna con bambino],1930 ca.,1930 p22,olio su tela,"cm 48,5 x 35,5",no,cartellino adesivo in alto a sinistra con il numero d’archivio «P.22»; etichetta in basso a sinistra «22 ‘Donna con bambino’ 1930»,"collezione privata, Roma",,"1991, Francesco Di Cocco. Dal futurismo alla Scuola Romana 1917-1938, Galleria Arco Farnese, Roma;
1996, Francesco Di Cocco. Settant'anni di ricerca dal Futurismo alle strutture di colore puro, Galleria Narciso, Torino.",,"Francesco Di Cocco. Dal futurismo alla Scuola Romana 1917-1938, catalogo della mostra, a cura di Lucia Stefanelli Torossi, con testi di Enrico Crispolti, Carlo Alberto Bucci, Cristiana Perrella, Edizioni Arco Farnese, Roma 1991, ripr. tav. n. 43.",,,,,,,,121-122,"Recto:
Verso:
[Paesaggio in marrone], 1930-35
Numero d’archivio: 1930 p233
Tecnica: olio su tela e interventi successivi con gessetti
Dimensioni: cm 56,5 x 77,6
Segni sul recto: «Di Cocco» in basso a destra
Segni sul verso: cartellino adesivo al centro a sinistra con il numero d’archivio «P.233»
Collocazione: collezione privata, Roma
Note:
Restauro Antonio Rava, 1991."
93,1930 p233,[Paesaggio in marrone],1930-35,1930 p233,olio su tela e interventi successivi con gessetti,"cm 56,5 x 77,6",«Di Cocco» in basso a destra,cartellino adesivo al centro a sinistra con il numero d’archivio «P.233»,"collezione privata, Roma",,,,,"Restauro Antonio Rava, 1991.",,,,,,,122-123,"Recto:
[Marina], 1930 ca.
Numero d’archivio: 1930 p302
Segni sul recto: «Di Cocco» in basso a destra
Note:
Originale non noto, opera documentata presso l’Archivio E. Crispolti."
94,1930 p302,[Marina],1930 ca.,1930 p302,,,«Di Cocco» in basso a destra,,,,,,,"Originale non noto, opera documentata presso l’Archivio E. Crispolti.",,,,,,,123-124,"Recto:
Le bagnanti, 1930 ca.
Numero d’archivio: 1930 p152
Note:
Originale non noto, opera documentata presso l’Archivio E. Crispolti."
95,1930 p152,Le bagnanti,1930 ca.,1930 p152,,,,,,,,,,"Originale non noto, opera documentata presso l’Archivio E. Crispolti.",,,,,,,124,"Recto:
Verso:
[Uomo nudo], 1930-32
Numero d’archivio: 1930 p273
Tecnica: olio su tavola
Dimensioni: cm 53,7 x 40
Segni sul recto: no
Segni sul verso: in alto a sinistra etichetta con n. «329»; in alto al centro etichetta della III Mostra
del sindacato regionale fascista delle arti del Lazio, «Nome: Di Cocco / Titolo dell’opera: Uomo
Nudo / Prezzo di vendita: lire 4000»; cartellino adesivo in alto a destra con il numero d’archivio
«P.273»
Collocazione: collezione privata, Roma
Esposizioni personali:
1932, Terza Mostra del Sindacato Regionale Fascista Belle Arti del Lazio, Palazzo delle
Esposizioni, Roma.
Bibliografia:
Terza mostra del Sindacato Regionale Fascista Belle arti del Lazio, catalogo della mostra, Enzo
Pinci, Roma 1932, sala XV, n. 12, p. 53.
Note:
L’opera risulta pesantemente ritoccata con gessetti negli ultimi anni di vita dell’artista,
cambiandone radicalmente l’aspetto originale."
96,1930 p273,[Uomo nudo],1930-32,1930 p273,olio su tavola,"cm 53,7 x 40",no,"in alto a sinistra etichetta con n. «329»; in alto al centro etichetta della III Mostra del sindacato regionale fascista delle arti del Lazio, «Nome: Di Cocco / Titolo dell’opera: Uomo Nudo / Prezzo di vendita: lire 4000»; cartellino adesivo in alto a destra con il numero d’archivio «P.273»","collezione privata, Roma",,"1932, Terza Mostra del Sindacato Regionale Fascista Belle Arti del Lazio, Palazzo delle Esposizioni, Roma.",,"Terza mostra del Sindacato Regionale Fascista Belle arti del Lazio, catalogo della mostra, Enzo Pinci, Roma 1932, sala XV, n. 12, p. 53.","L’opera risulta pesantemente ritoccata con gessetti negli ultimi anni di vita dell’artista, cambiandone radicalmente l’aspetto originale.",,,,,,,125-126,"Recto:
Composizione, 1930
Numero d’archivio: 1930 p258
Tecnica: olio su tavola
Dimensioni: cm 62 x 51
Segni sul recto: «Di Cocco 930» in basso a sinistra
Segni sul verso: [targhetta «Padiglione italiano Esposiz. Intern. New York»]
Collocazione: Galleria d’Arte Moderna, Roma, inv. AM B06
Esposizioni personali:
1996, Francesco Di Cocco. Settant'anni di ricerca dal Futurismo alle strutture di colore puro,
Galleria Narciso, Torino.
Esposizioni collettive:
1931, Prima Quadriennale d’Arte Nazionale, Palazzo delle Esposizioni, Roma;
[1939, World’s Fair, Exhibition of Italian Conteporary Art, New York];
1980, La Metafisica: gli anni Venti. Volume primo: pittura e scultura, Comune di Bologna,
Assessorato alla Cultura, Galleria d'arte moderna, Bologna;
2013, Legami e corrispondenze. Immagini e parole attraverso il 900 romano, Galleria d'Arte
Moderna, Roma;
2016, Roma Anni Trenta. La Galleria d’Arte Moderna e le Quadriennali d’Arte 1931 - 1935 –
1939, Galleria d'Arte Moderna, Roma;
2025, Sguardi sulla città, allestimento del Museo della Scuola Romana, Museo della Scuola
Romana nel Casino Nobile di Villa Torlonia, Roma.
Bibliografia:
Prima Quadriennale d'Arte Nazionale, catalogo della mostra, Edizioni Enzo Pinci, Roma 1931, sala
XXI-A, [n. 13], [n. 15], p. 109;
Antonio Muñoz, La Galleria Mussolini: d'arte moderna italiana in Campidoglio, catalogo della
mostra, Arte della stampa, Roma 1931, ripr. tav. 100;
Alberto Francini, Sale collettive dei pittori romani, in «La Tribuna», Roma, 18 febbraio 1931;
Renato Pacini, Architettura e pittura alla Prima Quadriennale d’arte, in «La Stirpe», Roma, marzo
1931, p. 122;
Palma Bucarelli, La Galleria Nazionale d'arte moderna, Libreria dello Stato, Roma 1973, p. 137;
La Metafisica: gli anni Venti. Volume primo: pittura e scultura, catalogo della mostra, a cura di
Renato Barilli, Franco Solmi, Graphis, Bologna 1980, ripr. p. 236;
Carlo Pirovano (a cura di), La pittura in Italia. Il Novecento, vol. II, Electa, Milano 1991, ripr. n.
721, p. 523;
Di Cocco nomade, solitario, contemplativo dal futurismo alle strutture di colore puro, catalogo
della mostra, a cura di Enrico Crispolti, con note bio-bibliografiche di Daniela Pagliai, Coopedit,
Macerata 1984, ripr. n. 21, p. 14;
Luoghi figure nature morte. Opere della Galleria d'Arte Moderna di Roma Capitale, catalogo della
mostra, a cura di Maria Elisa Tittoni, Maria Catalano, Federica Pirani, Cinzia Virno, De Luca,
Roma 2011, p. 223;
Legami e corrispondenze. Immagini e parole attraverso il 900 romano, catalogo della mostra, a
cura di Federica Pirani, Gloria Raimondi, Palombi Editori, Roma 2013, p. 183.
Note:
Sullo stato di conservazione dell’opera: Zètema progetto cultura (V. Antonini, S. Nisi) anno 2006,
spolveratura del dipinto con pennello cinese; spolveratura della cornice e del retro del supporto con
pennellessa e aspirapolvere museale e poi con panno in microfibra."
97,1930 p258,Composizione,1930,1930 p258,olio su tavola,cm 62 x 51,«Di Cocco 930» in basso a sinistra,[targhetta «Padiglione italiano Esposiz. Intern. New York»],"Galleria d’Arte Moderna, Roma, inv. AM B06",,"1996, Francesco Di Cocco. Settant'anni di ricerca dal Futurismo alle strutture di colore puro, Galleria Narciso, Torino.","1931, Prima Quadriennale d’Arte Nazionale, Palazzo delle Esposizioni, Roma;
[1939, World’s Fair, Exhibition of Italian Conteporary Art, New York];
1980, La Metafisica: gli anni Venti. Volume primo: pittura e scultura, Comune di Bologna, Assessorato alla Cultura, Galleria d'arte moderna, Bologna;
2013, Legami e corrispondenze. Immagini e parole attraverso il 900 romano, Galleria d'Arte Moderna, Roma;
2016, Roma Anni Trenta. La Galleria d’Arte Moderna e le Quadriennali d’Arte 1931 - 1935 – 1939, Galleria d'Arte Moderna, Roma;
2025, Sguardi sulla città, allestimento del Museo della Scuola Romana, Museo della Scuola Romana nel Casino Nobile di Villa Torlonia, Roma.","Prima Quadriennale d'Arte Nazionale, catalogo della mostra, Edizioni Enzo Pinci, Roma 1931, sala XXI-A, [n. 13], [n. 15], p. 109;
Antonio Muñoz, La Galleria Mussolini: d'arte moderna italiana in Campidoglio, catalogo della mostra, Arte della stampa, Roma 1931, ripr. tav. 100;
Alberto Francini, Sale collettive dei pittori romani, in «La Tribuna», Roma, 18 febbraio 1931;
Renato Pacini, Architettura e pittura alla Prima Quadriennale d’arte, in «La Stirpe», Roma, marzo 1931, p. 122;
Palma Bucarelli, La Galleria Nazionale d'arte moderna, Libreria dello Stato, Roma 1973, p. 137;
La Metafisica: gli anni Venti. Volume primo: pittura e scultura, catalogo della mostra, a cura di Renato Barilli, Franco Solmi, Graphis, Bologna 1980, ripr. p. 236;
Carlo Pirovano (a cura di), La pittura in Italia. Il Novecento, vol. II, Electa, Milano 1991, ripr. n. 721, p. 523;
Di Cocco nomade, solitario, contemplativo dal futurismo alle strutture di colore puro, catalogo della mostra, a cura di Enrico Crispolti, con note bio-bibliografiche di Daniela Pagliai, Coopedit, Macerata 1984, ripr. n. 21, p. 14;
Luoghi figure nature morte. Opere della Galleria d'Arte Moderna di Roma Capitale, catalogo della mostra, a cura di Maria Elisa Tittoni, Maria Catalano, Federica Pirani, Cinzia Virno, De Luca, Roma 2011, p. 223;
Legami e corrispondenze. Immagini e parole attraverso il 900 romano, catalogo della mostra, a cura di Federica Pirani, Gloria Raimondi, Palombi Editori, Roma 2013, p. 183.","Sullo stato di conservazione dell’opera: Zètema progetto cultura (V. Antonini, S. Nisi) anno 2006, spolveratura del dipinto con pennello cinese; spolveratura della cornice e del retro del supporto con pennellessa e aspirapolvere museale e poi con panno in microfibra.",,,,,,,126-128,"Recto:
L’Elefante, 1930
Numero d’archivio: 1930 p257
Segni sul recto: «Di Cocco 30» in basso a destra
Esposizioni personali:
1932, Terza Mostra del Sindacato Regionale Fascista Belle Arti del Lazio, Palazzo delle
Esposizioni, Roma.
Esposizioni collettive:
1930, Prima mostra nazionale dell'animale nell'arte, Palazzo delle Esposizioni, Giardino
Zoologico, Roma.
Bibliografia:
Catalogo illustrato della I mostra nazionale dell'animale nell'arte, catalogo della mostra, Arti
Grafiche Enzo Pinci, Roma 1930, sala XVII, n. 6., p. 75, ripr. p. 13;
Corrado Pavolini, La I mostra nazionale dell'animale nell'arte, in «Rassegna dell'Istruzione
Artistica», Urbino, a. I, n. 1, marzo 1930, p. 174;
Terza mostra del Sindacato Regionale Fascista Belle arti del Lazio, catalogo della mostra, Enzo
Pinci, Roma 1932, sala XV, n. 7, p. 52."
98,1930 p257,L’Elefante,1930,1930 p257,,,«Di Cocco 30» in basso a destra,,,,"1932, Terza Mostra del Sindacato Regionale Fascista Belle Arti del Lazio, Palazzo delle Esposizioni, Roma.","1930, Prima mostra nazionale dell'animale nell'arte, Palazzo delle Esposizioni, Giardino Zoologico, Roma.","Catalogo illustrato della I mostra nazionale dell'animale nell'arte, catalogo della mostra, Arti Grafiche Enzo Pinci, Roma 1930, sala XVII, n. 6., p. 75, ripr. p. 13;
Corrado Pavolini, La I mostra nazionale dell'animale nell'arte, in «Rassegna dell'Istruzione Artistica», Urbino, a. I, n. 1, marzo 1930, p. 174;
Terza mostra del Sindacato Regionale Fascista Belle arti del Lazio, catalogo della mostra, Enzo Pinci, Roma 1932, sala XV, n. 7, p. 52.",,,,,,,,128,"Recto:
Bagnanti, 1930
Numero d’archivio: 1930 p260
Tecnica: olio su tela
Dimensioni: cm 90 x 135
Segni sul recto: no
Segni sul verso: non noto
Collocazione: non nota
Esposizioni collettive:
1931, Prima Quadriennale d’Arte Nazionale, Palazzo delle Esposizioni, Roma.
Bibliografia:
Prima Quadriennale d'Arte Nazionale, catalogo della mostra, Edizioni Enzo Pinci, Roma 1931, sala
XXI-A, n. 14, p. 109;
Francesco Trombadori, in «Gente Nostra», Roma, 21 gennaio 1931, ripr.;
Alberto Francini, Sale collettive dei pittori romani, in «La Tribuna», Roma, 18 febbraio 1931, ripr.;
Nino Bertocchi, Alla I Quadriennale. Romani e Scuola di Parigi, in «L'Italia Letteraria», Roma, 22
febbraio 1931, ripr.;
Di Cocco nomade, solitario, contemplativo dal futurismo alle strutture di colore puro, catalogo
della mostra, a cura di Enrico Crispolti, con note bio-bibliografiche di Daniela Pagliai, Coopedit,
Macerata 1984, ripr. n. 13, p. 11."
99,1930 p260,Bagnanti,1930,1930 p260,olio su tela,cm 90 x 135,no,non noto,non nota,,,"1931, Prima Quadriennale d’Arte Nazionale, Palazzo delle Esposizioni, Roma.","Prima Quadriennale d'Arte Nazionale, catalogo della mostra, Edizioni Enzo Pinci, Roma 1931, sala XXI-A, n. 14, p. 109;
Francesco Trombadori, in «Gente Nostra», Roma, 21 gennaio 1931, ripr.;
Alberto Francini, Sale collettive dei pittori romani, in «La Tribuna», Roma, 18 febbraio 1931, ripr.;
Nino Bertocchi, Alla I Quadriennale. Romani e Scuola di Parigi, in «L'Italia Letteraria», Roma, 22 febbraio 1931, ripr.;
Di Cocco nomade, solitario, contemplativo dal futurismo alle strutture di colore puro, catalogo della mostra, a cura di Enrico Crispolti, con note bio-bibliografiche di Daniela Pagliai, Coopedit, Macerata 1984, ripr. n. 13, p. 11.",,,,,,,,129,"Recto:
[Nudo], 1930 ca.
Numero d’archivio: 1930 p310
Tecnica: olio su tavola
Dimensioni: 50 x 73,5
Segni sul recto: no
Segni sul verso: non noto
Collocazione: non nota
Esposizioni personali:
1991, Francesco Di Cocco. Dal futurismo alla Scuola Romana 1917-1938, Galleria Arco Farnese,
Roma.
Esposizioni collettive:
1988, Le Scuole Romane: sviluppi e continuità 1927 – 1988, Galleria d’Arte Moderna e
Contemporanea, Palazzo Forti, Verona.
Bibliografia:
Le Scuole Romane: sviluppi e continuità 1927 – 1988, catalogo della mostra, a cura di Fabio Benzi,
Enrico Mascelloni, Roberto Lambarelli, De Luca Mondadori, Roma Milano 1988, ripr. p. 62;
Francesco Di Cocco. Dal futurismo alla Scuola Romana 1917-1938, catalogo della mostra, a cura
di Lucia Stefanelli Torossi, con testi di Enrico Crispolti, Carlo Alberto Bucci, Cristiana Perrella,
Edizioni Arco Farnese, Roma 1991, ripr. tav. n. 44."
100,1930 p310,[Nudo],1930 ca.,1930 p310,olio su tavola,"50 x 73,5",no,non noto,non nota,,"1991, Francesco Di Cocco. Dal futurismo alla Scuola Romana 1917-1938, Galleria Arco Farnese, Roma.","1988, Le Scuole Romane: sviluppi e continuità 1927 – 1988, Galleria d’Arte Moderna e Contemporanea, Palazzo Forti, Verona.","Le Scuole Romane: sviluppi e continuità 1927 – 1988, catalogo della mostra, a cura di Fabio Benzi, Enrico Mascelloni, Roberto Lambarelli, De Luca Mondadori, Roma Milano 1988, ripr. p. 62;
Francesco Di Cocco. Dal futurismo alla Scuola Romana 1917-1938, catalogo della mostra, a cura di Lucia Stefanelli Torossi, con testi di Enrico Crispolti, Carlo Alberto Bucci, Cristiana Perrella, Edizioni Arco Farnese, Roma 1991, ripr. tav. n. 44.",,,,,,,,130,"Recto:
Verso:
[Ritratto di donna a braccia conserte], 1930-32
Numero d’archivio: 1930 p132
Tecnica: olio su tela
Dimensioni: cm 65 x 49
Segni sul recto: no
Segni sul verso: cartellino adesivo in alto a sinistra con il numero d’archivio «P.132»
Collocazione: collezione privata, Roma
Note:
Restauro Antonio Rava, 1991."
101,1930 p132,[Ritratto di donna a braccia conserte],1930-32,1930 p132,olio su tela,cm 65 x 49,no,cartellino adesivo in alto a sinistra con il numero d’archivio «P.132»,"collezione privata, Roma",,,,,"Restauro Antonio Rava, 1991.",,,,,,,131-132,"Recto:
Verso:
[Annunciazione], 1930-32
Numero d’archivio: 1930 p270
Tecnica: tecnica mista su tavola
Dimensioni: cm 72,7 x 53,5
Segni sul recto: no
Segni sul verso: cartellino adesivo in alto a destra con il numero d’archivio «P.270»
Collocazione: collezione privata, Roma
Esposizioni personali:
1932, Terza Mostra del Sindacato Regionale Fascista Belle Arti del Lazio, Palazzo delle
Esposizioni, Roma.
Bibliografia:
Terza mostra del Sindacato Regionale Fascista Belle arti del Lazio, catalogo della mostra, Enzo
Pinci, Roma 1932, sala XV, n. 9, p. 52.
Note:
In una foto conservata nel Fondo Di Cocco, presso l’Archivio E. Crispolti, è visibile la firma «Di
Cocco» in basso a destra, completamente cancellata dalle ampie ridipinture eseguite dall’artista
stesso, che hanno interessato l’intero dipinto, stravolgendone il disegno originale."
102,1930 p270,[Annunciazione],1930-32,1930 p270,tecnica mista su tavola,"cm 72,7 x 53,5",no,cartellino adesivo in alto a destra con il numero d’archivio «P.270»,"collezione privata, Roma",,"1932, Terza Mostra del Sindacato Regionale Fascista Belle Arti del Lazio, Palazzo delle Esposizioni, Roma.",,"Terza mostra del Sindacato Regionale Fascista Belle arti del Lazio, catalogo della mostra, Enzo Pinci, Roma 1932, sala XV, n. 9, p. 52.","In una foto conservata nel Fondo Di Cocco, presso l’Archivio E. Crispolti, è visibile la firma «Di Cocco» in basso a destra, completamente cancellata dalle ampie ridipinture eseguite dall’artista stesso, che hanno interessato l’intero dipinto, stravolgendone il disegno originale.",,,,,,,132-133,"Recto:
[La famiglia], 1930-31
Numero d’archivio: 1930 p106
Tecnica: olio su tavola
Dimensioni: cm 73 x 53
Segni sul recto: no
Segni sul verso: non noto
Collocazione: non nota
Esposizioni personali:
1991, Francesco Di Cocco. Dal futurismo alla Scuola Romana 1917-1938, Galleria Arco Farnese,
Roma.
Esposizioni collettive:
1988, Le Scuole Romane: sviluppi e continuità 1927 – 1988, Galleria d’Arte Moderna e
Contemporanea, Palazzo Forti, Verona (con il titolo Scena).
Bibliografia:
Le Scuole Romane: sviluppi e continuità 1927 – 1988, catalogo della mostra, a cura di Fabio Benzi,
Enrico Mascelloni, Roberto Lambarelli, De Luca Mondadori, Roma Milano 1988, ripr. p. 61;
Francesco Di Cocco. Dal futurismo alla Scuola Romana 1917-1938, catalogo della mostra, a cura
di Lucia Stefanelli Torossi, con testi di Enrico Crispolti, Carlo Alberto Bucci, Cristiana Perrella,
Edizioni Arco Farnese, Roma 1991, ripr. tav. n. 45.
Note:
L’opera viene datata intorno al 1930-1931 da Bucci (1991), diversamente dalla mostra di Verona
(1988) in cui si attribuiva la dazione al 1929, affermando come il tema delle figure poste in primo
piano con un paesaggio aperto sullo sfondo, ricorre a partire dal 1930 nella pittura dell’artista."
103,1930 p106,[La famiglia],1930-31,1930 p106,olio su tavola,cm 73 x 53,no,non noto,non nota,,"1991, Francesco Di Cocco. Dal futurismo alla Scuola Romana 1917-1938, Galleria Arco Farnese, Roma.","1988, Le Scuole Romane: sviluppi e continuità 1927 – 1988, Galleria d’Arte Moderna e Contemporanea, Palazzo Forti, Verona (con il titolo Scena).","Le Scuole Romane: sviluppi e continuità 1927 – 1988, catalogo della mostra, a cura di Fabio Benzi, Enrico Mascelloni, Roberto Lambarelli, De Luca Mondadori, Roma Milano 1988, ripr. p. 61;
Francesco Di Cocco. Dal futurismo alla Scuola Romana 1917-1938, catalogo della mostra, a cura di Lucia Stefanelli Torossi, con testi di Enrico Crispolti, Carlo Alberto Bucci, Cristiana Perrella, Edizioni Arco Farnese, Roma 1991, ripr. tav. n. 45.","L’opera viene datata intorno al 1930-1931 da Bucci (1991), diversamente dalla mostra di Verona (1988) in cui si attribuiva la dazione al 1929, affermando come il tema delle figure poste in primo piano con un paesaggio aperto sullo sfondo, ricorre a partire dal 1930 nella pittura dell’artista.",,,,,,,133-134,"Recto:
[Autoritratto], 1930 ca.
Numero d’archivio: 1930 p115
Tecnica: olio su tavola
Dimensioni: cm 70 x 55
Segni sul recto: no
Segni sul verso: non noto
Collocazione: non nota
Note:
Precedentemente presso Collezione Ovidio Jacorossi, Roma. Venduta nel 2020 tramite la casa
d’asta Babuino."
104,1930 p115,[Autoritratto],1930 ca.,1930 p115,olio su tavola,cm 70 x 55,no,non noto,non nota,,,,,"Precedentemente presso Collezione Ovidio Jacorossi, Roma. Venduta nel 2020 tramite la casa d’asta Babuino.",,,,,,,135,"Recto:
Verso:
[Ritratto di donna con bambino e cagnolino], 1930 ca.
Numero d’archivio: 1930 p119
Tecnica: olio su tela e interventi successivi con gessetti
Dimensioni: cm 72 x 61,2
Segni sul recto: no
Segni sul verso: cartellino adesivo in alto al centro con il numero d’archivio «P.119»
Collocazione: collezione privata, Roma
Note:
Nel Fondo Di Cocco presso l’Archivio E. Crispolti, è documentato l’intervento di restauro condotto
da Antonio Rava, finalizzato alla rimozione delle pesanti ridipinture apportate dall’artista stesso,
che avevano alterato l’assetto originario del dipinto."
105,1930 p119,[Ritratto di donna con bambino e cagnolino],1930 ca.,1930 p119,olio su tela e interventi successivi con gessetti,"cm 72 x 61,2",no,cartellino adesivo in alto al centro con il numero d’archivio «P.119»,"collezione privata, Roma",,,,,"Nel Fondo Di Cocco presso l’Archivio E. Crispolti, è documentato l’intervento di restauro condotto da Antonio Rava, finalizzato alla rimozione delle pesanti ridipinture apportate dall’artista stesso, che avevano alterato l’assetto originario del dipinto.",,,,,,,136-137,"Recto:
[Nudo di schiena], Anni Trenta
Numero d’archivio: Anni Trenta pc438
Tecnica: tempera su carta
Dimensioni: cm 35 x 25,5
Segni sul recto: «D.C.» in basso a destra
Segni sul verso: non noto
Collocazione: non nota"
106,Anni Trenta pc438,[Nudo di schiena],Anni Trenta,Anni Trenta pc438,tempera su carta,"cm 35 x 25,5",«D.C.» in basso a destra,non noto,non nota,,,,,,,,,,,,137,"Recto:
I pescatori, 1931-1932
Numero d’archivio: 1931 p319
Tecnica: olio su tavola
Dimensioni: cm 42,5 x 71,5
Segni sul recto: no
Segni sul verso: cfr. note
Collocazione: non nota
Esposizioni personali:
1991, Francesco Di Cocco. Dal futurismo alla Scuola Romana 1917-1938, Galleria Arco Farnese,
Roma.
Bibliografia:
Francesco Di Cocco. Dal futurismo alla Scuola Romana 1917-1938, catalogo della mostra, a cura
di Lucia Stefanelli Torossi, con testi di Enrico Crispolti, Carlo Alberto Bucci, Cristiana Perrella,
Edizioni Arco Farnese, Roma 1991, ripr. tav. n. 47.
Note:
Opera passata in asta Finarte, Roma il 14 novembre 1995. Bucci (1991) segnala il titolo dell’opera
sul verso della tavola (eseguito a matita) e la provenienza del dipinto da una collezione fiorentina,
che risulta acquistato durante il soggiorno dell’artista nella città toscana."
107,1931 p319,I pescatori,1931-1932,1931 p319,olio su tavola,"cm 42,5 x 71,5",no,cfr. note,non nota,,"1991, Francesco Di Cocco. Dal futurismo alla Scuola Romana 1917-1938, Galleria Arco Farnese, Roma.",,"Francesco Di Cocco. Dal futurismo alla Scuola Romana 1917-1938, catalogo della mostra, a cura di Lucia Stefanelli Torossi, con testi di Enrico Crispolti, Carlo Alberto Bucci, Cristiana Perrella, Edizioni Arco Farnese, Roma 1991, ripr. tav. n. 47.","Opera passata in asta Finarte, Roma il 14 novembre 1995. Bucci (1991) segnala il titolo dell’opera sul verso della tavola (eseguito a matita) e la provenienza del dipinto da una collezione fiorentina, che risulta acquistato durante il soggiorno dell’artista nella città toscana.",,,,,,,138,"Recto:
La bella e la bestia, 1931-1932
Numero d’archivio: 1931
Tecnica: olio su tavola
Dimensioni: cm 35 x 45
Segni sul recto: «Di Cocco/93(1)» in basso a destra
Segni sul verso: cfr. note
Collocazione: non nota
Esposizioni personali:
1932, Terza Mostra del Sindacato Regionale Fascista Belle Arti del Lazio, Palazzo delle
Esposizioni, Roma;
1991, Francesco Di Cocco. Dal futurismo alla Scuola Romana 1917-1938, Galleria Arco Farnese,
Roma.
Bibliografia:
Terza mostra del Sindacato Regionale Fascista Belle arti del Lazio, catalogo della mostra, Enzo
Pinci, Roma 1932, sala XV, n. 1, p. 52 (con il titolo La bella e la bestia);
Alberto Neppi, Alla terza mostra del Sindacato Laziale, la sala retrospettiva dello scultore
Canevari e le rassegne individuali, in «Il Lavoro Fascista», Roma, 12 marzo 1932;
Francesco Di Cocco. Dal futurismo alla Scuola Romana 1917-1938, catalogo della mostra, a cura
di Lucia Stefanelli Torossi, con testi di Enrico Crispolti, Carlo Alberto Bucci, Cristiana Perrella,
Edizioni Arco Farnese, Roma 1991, ripr. tav. n. 48 (con il titolo La bella e le bestie).
Note:
Bucci (1991) segnala il titolo dell’opera sulla targhetta apposta sul retro del dipinto in occasione
della mostra del 1932."
108,1931,La bella e la bestia,1931-1932,1931,olio su tavola,cm 35 x 45,«Di Cocco/93(1)» in basso a destra,cfr. note,non nota,,"1932, Terza Mostra del Sindacato Regionale Fascista Belle Arti del Lazio, Palazzo delle Esposizioni, Roma;
1991, Francesco Di Cocco. Dal futurismo alla Scuola Romana 1917-1938, Galleria Arco Farnese, Roma.",,"Terza mostra del Sindacato Regionale Fascista Belle arti del Lazio, catalogo della mostra, Enzo Pinci, Roma 1932, sala XV, n. 1, p. 52 (con il titolo La bella e la bestia);
Alberto Neppi, Alla terza mostra del Sindacato Laziale, la sala retrospettiva dello scultore Canevari e le rassegne individuali, in «Il Lavoro Fascista», Roma, 12 marzo 1932;
Francesco Di Cocco. Dal futurismo alla Scuola Romana 1917-1938, catalogo della mostra, a cura di Lucia Stefanelli Torossi, con testi di Enrico Crispolti, Carlo Alberto Bucci, Cristiana Perrella, Edizioni Arco Farnese, Roma 1991, ripr. tav. n. 48 (con il titolo La bella e le bestie).",Bucci (1991) segnala il titolo dell’opera sulla targhetta apposta sul retro del dipinto in occasione della mostra del 1932.,,,,,,,139,"Recto:
Verso:
[Autoritratto], 1931-1932
Numero d’archivio: 1931 p271
Tecnica: olio su tela
Dimensioni: cm 62,5 x 45,5
Segni sul recto: no
Segni sul verso: in alto a sinistra a penna «1991» e timbro «Galleria Arco Farnese»;
cartellino adesivo in alto a destra con il numero d’archivio «P.271»
Collocazione: collezione privata, Roma
Esposizioni personali:
1991, Francesco Di Cocco. Dal futurismo alla Scuola Romana 1917-1938, Galleria Arco Farnese,
Roma;
1996, Francesco Di Cocco. Settant'anni di ricerca dal Futurismo alle strutture di colore puro,
Galleria Narciso, Torino.
Bibliografia:
Francesco Di Cocco. Dal futurismo alla Scuola Romana 1917-1938, catalogo della mostra, a cura
di Lucia Stefanelli Torossi, con testi di Enrico Crispolti, Carlo Alberto Bucci, Cristiana Perrella,
Edizioni Arco Farnese, Roma 1991, ripr. tav. n. 46.
Note:
Bucci (1991) colloca il dipinto intorno al 1931–32 sulla base del confronto con fotografie
dell’artista dei primi anni Trenta e del riscontro fisionomico con l’autoritratto nel Riposo (cfr. 1932
p275), dal quale tuttavia si distingue per l’uso di tonalità più soffuse e meno brillanti."
109,1931 p271,[Autoritratto],1931-1932,1931 p271,olio su tela,"cm 62,5 x 45,5",no,in alto a sinistra a penna «1991» e timbro «Galleria Arco Farnese»; cartellino adesivo in alto a destra con il numero d’archivio «P.271»,"collezione privata, Roma",,"1991, Francesco Di Cocco. Dal futurismo alla Scuola Romana 1917-1938, Galleria Arco Farnese, Roma;
1996, Francesco Di Cocco. Settant'anni di ricerca dal Futurismo alle strutture di colore puro, Galleria Narciso, Torino.",,"Francesco Di Cocco. Dal futurismo alla Scuola Romana 1917-1938, catalogo della mostra, a cura di Lucia Stefanelli Torossi, con testi di Enrico Crispolti, Carlo Alberto Bucci, Cristiana Perrella, Edizioni Arco Farnese, Roma 1991, ripr. tav. n. 46.","Bucci (1991) colloca il dipinto intorno al 1931–32 sulla base del confronto con fotografie dell’artista dei primi anni Trenta e del riscontro fisionomico con l’autoritratto nel Riposo (cfr. 1932 p275), dal quale tuttavia si distingue per l’uso di tonalità più soffuse e meno brillanti.",,,,,,,140-141,"Recto:
[Paesaggio], 1931
Numero d’archivio: 1931 p299
Tecnica: olio su pannello
Dimensioni: cm 35 x 45
Segni sul recto: «Di Cocco» in basso a destra
Segni sul verso: non noto
Collocazione: Galleria Nazionale d’Arte Moderna e Contemporanea, Roma
Bibliografia:
Di Cocco nomade, solitario, contemplativo dal futurismo alle strutture di colore puro, catalogo
della mostra, a cura di Enrico Crispolti, con note bio-bibliografiche di Daniela Pagliai, Coopedit,
Macerata 1984, ripr. n. 24, p. 16."
110,1931 p299,[Paesaggio],1931,1931 p299,olio su pannello,cm 35 x 45,«Di Cocco» in basso a destra,non noto,"Galleria Nazionale d’Arte Moderna e Contemporanea, Roma",,,,"Di Cocco nomade, solitario, contemplativo dal futurismo alle strutture di colore puro, catalogo della mostra, a cura di Enrico Crispolti, con note bio-bibliografiche di Daniela Pagliai, Coopedit, Macerata 1984, ripr. n. 24, p. 16.",,,,,,,,141-142,"Recto:
La vita serena, 1932
Numero d’archivio: 1932 p301
Tecnica: olio su tela
Dimensioni: cm 88,5 x 142
Segni sul recto: «Di Cocco 32» in basso a destra
Segni sul verso: non noto
Collocazione: non nota
Esposizioni personali:
1984, Di Cocco nomade, solitario, contemplativo dal futurismo alle strutture di colore puro, Chiesa
di S. Paolo, Pinacoteca e Musei Comunali, Macerata;
1991, Francesco Di Cocco. Dal futurismo alla Scuola Romana 1917-1938, Galleria Arco Farnese,
Roma.
Esposizioni collettive:
1932, XVIII Esposizione Biennale Internazionale d'Arte, Venezia;
1983, Gli artisti di Villa Strhol-Fern tra Simbolismo e Novecento, Galleria Arco Farnese, Roma;
1986, Roma 1934, Galleria Civica, Modena, Palazzo Braschi, Roma;
1988, Le Scuole Romane: sviluppi e continuità 1927 – 1988, Galleria d’Arte Moderna e
Contemporanea, Palazzo Forti, Verona.
Bibliografia:
XVIII Esposizione Biennale Internazionale d'Arte, catalogo della mostra, Officine Grafiche Carlo
Ferrari, Venezia 1932, sala XXXIV, n. 16, p. 120;
Gli artisti di Villa Strhol-Fern tra Simbolismo e Novecento, catalogo della mostra, a cura di Lucia
Stefanelli Torossi, presentazione di Antonello Trombadori, De Luca Editore, Roma 1983, n. 66,
ripr. p. 91;
Di Cocco nomade, solitario, contemplativo dal futurismo alle strutture di colore puro, catalogo
della mostra, a cura di Enrico Crispolti, con note bio-bibliografiche di Daniela Pagliai, Coopedit,
Macerata 1984, p. 15;
Roma 1934, catalogo della mostra, a cura di Giuseppe Appella, Fabrizio D'Amico, Edizioni Panini,
Modena 1986, pp. 169-170, ripr. p. 85;
Le Scuole Romane: sviluppi e continuità 1927 – 1988, catalogo della mostra, a cura di Fabio Benzi,
Enrico Mascelloni, Roberto Lambarelli, De Luca Mondadori, Roma Milano 1988, ripr. p. 62;
Francesco Di Cocco. Dal futurismo alla Scuola Romana 1917-1938, catalogo della mostra, a cura
di Lucia Stefanelli Torossi, con testi di Enrico Crispolti, Carlo Alberto Bucci, Cristiana Perrella,
Edizioni Arco Farnese, Roma 1991, ripr. tav. n. 49."
111,1932 p301,La vita serena,1932,1932 p301,olio su tela,"cm 88,5 x 142",«Di Cocco 32» in basso a destra,non noto,non nota,,"1984, Di Cocco nomade, solitario, contemplativo dal futurismo alle strutture di colore puro, Chiesa di S. Paolo, Pinacoteca e Musei Comunali, Macerata;
1991, Francesco Di Cocco. Dal futurismo alla Scuola Romana 1917-1938, Galleria Arco Farnese, Roma.","1932, XVIII Esposizione Biennale Internazionale d'Arte, Venezia;
1983, Gli artisti di Villa Strhol-Fern tra Simbolismo e Novecento, Galleria Arco Farnese, Roma;
1986, Roma 1934, Galleria Civica, Modena, Palazzo Braschi, Roma;
1988, Le Scuole Romane: sviluppi e continuità 1927 – 1988, Galleria d’Arte Moderna e Contemporanea, Palazzo Forti, Verona.","XVIII Esposizione Biennale Internazionale d'Arte, catalogo della mostra, Officine Grafiche Carlo Ferrari, Venezia 1932, sala XXXIV, n. 16, p. 120;
Gli artisti di Villa Strhol-Fern tra Simbolismo e Novecento, catalogo della mostra, a cura di Lucia Stefanelli Torossi, presentazione di Antonello Trombadori, De Luca Editore, Roma 1983, n. 66, ripr. p. 91;
Di Cocco nomade, solitario, contemplativo dal futurismo alle strutture di colore puro, catalogo della mostra, a cura di Enrico Crispolti, con note bio-bibliografiche di Daniela Pagliai, Coopedit, Macerata 1984, p. 15;
Roma 1934, catalogo della mostra, a cura di Giuseppe Appella, Fabrizio D'Amico, Edizioni Panini, Modena 1986, pp. 169-170, ripr. p. 85;
Le Scuole Romane: sviluppi e continuità 1927 – 1988, catalogo della mostra, a cura di Fabio Benzi, Enrico Mascelloni, Roberto Lambarelli, De Luca Mondadori, Roma Milano 1988, ripr. p. 62;
Francesco Di Cocco. Dal futurismo alla Scuola Romana 1917-1938, catalogo della mostra, a cura di Lucia Stefanelli Torossi, con testi di Enrico Crispolti, Carlo Alberto Bucci, Cristiana Perrella, Edizioni Arco Farnese, Roma 1991, ripr. tav. n. 49.",,,,,,,,142-143,"Recto:
Paesaggetto, 1932 ca.
Numero d’archivio: 1932 p113
Tecnica: olio su cartone
Dimensioni: cm 23 x 33
Segni sul recto: «Di Cocco» in basso a sinistra
Segni sul verso: cfr. note
Collocazione: non nota
Esposizioni personali:
1932, Terza Mostra del Sindacato Regionale Fascista Belle Arti del Lazio, Palazzo delle
Esposizioni, Roma;
1991, Francesco Di Cocco. Dal futurismo alla Scuola Romana 1917-1938, Galleria Arco Farnese,
Roma.
Bibliografia:
Terza mostra del Sindacato Regionale Fascista Belle arti del Lazio, catalogo della mostra, Enzo
Pinci, Roma 1932, sala XV, n. 30, p. 53;
Mario Verdone, Francesco Di Cocco, in «Terzocchio», anno XVIII, n. 1, Bologna, marzo 1992,
ripr. p. 27;
Mario Verdone (a cura di), Arti senza frontiere, Edizioni Bora, Bologna 1993, ripr. p. 56;
Francesco Di Cocco. Dal futurismo alla Scuola Romana 1917-1938, catalogo della mostra, a cura
di Lucia Stefanelli Torossi, con testi di Enrico Crispolti, Carlo Alberto Bucci, Cristiana Perrella,
Edizioni Arco Farnese, Roma 1991, ripr. tav. n. 52.
Note:
Bucci (1991) segnala una targhetta apposta in occasione della mostra romana del 1932, dalla quale
si ricava il titolo e la notizia che l'opera non fosse in vendita."
112,1932 p113,Paesaggetto,1932 ca.,1932 p113,olio su cartone,cm 23 x 33,«Di Cocco» in basso a sinistra,cfr. note,non nota,,"1932, Terza Mostra del Sindacato Regionale Fascista Belle Arti del Lazio, Palazzo delle Esposizioni, Roma;
1991, Francesco Di Cocco. Dal futurismo alla Scuola Romana 1917-1938, Galleria Arco Farnese, Roma.",,"Terza mostra del Sindacato Regionale Fascista Belle arti del Lazio, catalogo della mostra, Enzo Pinci, Roma 1932, sala XV, n. 30, p. 53;
Mario Verdone, Francesco Di Cocco, in «Terzocchio», anno XVIII, n. 1, Bologna, marzo 1992, ripr. p. 27;
Mario Verdone (a cura di), Arti senza frontiere, Edizioni Bora, Bologna 1993, ripr. p. 56;
Francesco Di Cocco. Dal futurismo alla Scuola Romana 1917-1938, catalogo della mostra, a cura di Lucia Stefanelli Torossi, con testi di Enrico Crispolti, Carlo Alberto Bucci, Cristiana Perrella, Edizioni Arco Farnese, Roma 1991, ripr. tav. n. 52.","Bucci (1991) segnala una targhetta apposta in occasione della mostra romana del 1932, dalla quale si ricava il titolo e la notizia che l'opera non fosse in vendita.",,,,,,,144-145,"Donna con ventaglio, 1932
Numero d’archivio: 1932 s0
Tecnica: scultura in gesso
Dimensioni: cm 42 x 22 x 13
Collocazione: non nota
Esposizioni personali:
1991, Francesco Di Cocco. Dal futurismo alla Scuola Romana 1917-1938, Galleria Arco Farnese,
Roma.
Esposizioni collettive:
1932, Mostra d'arte decorativa, Gallenga, Roma.
Bibliografia:
Francesco Di Cocco. Dal futurismo alla Scuola Romana 1917-1938, catalogo della mostra, a cura
di Lucia Stefanelli Torossi, con testi di Enrico Crispolti, Carlo Alberto Bucci, Cristiana Perrella,
Edizioni Arco Farnese, Roma 1991, ripr. tav. n. 51."
113,1932 s0,Donna con ventaglio,1932,1932 s0,scultura in gesso,cm 42 x 22 x 13,,,non nota,,"1991, Francesco Di Cocco. Dal futurismo alla Scuola Romana 1917-1938, Galleria Arco Farnese, Roma.","1932, Mostra d'arte decorativa, Gallenga, Roma.","Francesco Di Cocco. Dal futurismo alla Scuola Romana 1917-1938, catalogo della mostra, a cura di Lucia Stefanelli Torossi, con testi di Enrico Crispolti, Carlo Alberto Bucci, Cristiana Perrella, Edizioni Arco Farnese, Roma 1991, ripr. tav. n. 51.",,,,,,,,145,"[Statuina], 1932 ca.
Numero d’archivio: 1932 s0/a
Tecnica: scultura in gesso
Dimensioni: cm 51,5 x 17 x 22
Collocazione: non nota
Esposizioni personali:
1991, Francesco Di Cocco. Dal futurismo alla Scuola Romana 1917-1938, Galleria Arco Farnese,
Roma.
Bibliografia:
Francesco Di Cocco. Dal futurismo alla Scuola Romana 1917-1938, catalogo della mostra, a cura
di Lucia Stefanelli Torossi, con testi di Enrico Crispolti, Carlo Alberto Bucci, Cristiana Perrella,
Edizioni Arco Farnese, Roma 1991, ripr. tav. n. 50."
114,1932 s0/a,[Statuina],1932 ca.,1932 s0/a,scultura in gesso,"cm 51,5 x 17 x 22",,,non nota,,"1991, Francesco Di Cocco. Dal futurismo alla Scuola Romana 1917-1938, Galleria Arco Farnese, Roma.",,"Francesco Di Cocco. Dal futurismo alla Scuola Romana 1917-1938, catalogo della mostra, a cura di Lucia Stefanelli Torossi, con testi di Enrico Crispolti, Carlo Alberto Bucci, Cristiana Perrella, Edizioni Arco Farnese, Roma 1991, ripr. tav. n. 50.",,,,,,,,146,"Recto:
Riposo, 1932
Numero d’archivio: 1932 p275
Tecnica: olio su tela
Dimensioni: cm 118 x 98,5
Segni sul recto: «Di Cocco 32» in basso a sinistra
Segni sul verso: non noto
Collocazione: Collezione Ovidio Jacorossi, Roma
Esposizioni personali:
1984, Di Cocco nomade, solitario, contemplativo dal futurismo alle strutture di colore puro, Chiesa
di S. Paolo, Pinacoteca e Musei Comunali, Macerata.
Esposizioni collettive:
1932, XVIII Esposizione Biennale Internazionale d'Arte, Venezia;
1983, Gli artisti di Villa Strhol-Fern tra Simbolismo e Novecento, Galleria Arco Farnese, Roma;
2018, Dal simbolismo all'astrazione. Il primo Novecento a Roma nella collezione Jacorossi, Musia,
Roma.
Bibliografia:
XVIII Esposizione Biennale Internazionale d'Arte, catalogo della mostra, Officine Grafiche Carlo
Ferrari, Venezia 1932, sala XXXIV, n. 15, p. 120;
Gli artisti di Villa Strhol-Fern tra Simbolismo e Novecento, catalogo della mostra, a cura di Lucia
Stefanelli Torossi, presentazione di Antonello Trombadori, De Luca Editore, Roma 1983, n. 67,
ripr. p. 92;
Di Cocco nomade, solitario, contemplativo dal futurismo alle strutture di colore puro, catalogo
della mostra, a cura di Enrico Crispolti, con note bio-bibliografiche di Daniela Pagliai, Coopedit,
Macerata 1984, ripr. n. 30, p. 20;
Maurizio Fagiolo Dell'Arco, Scuola Romana: pittura e scultura a Roma dal 1919 al 1943, De Luca
Editore, Roma 1986, ripr. p. 106;
Francesco Di Cocco. Dal futurismo alla Scuola Romana 1917-1938, catalogo della mostra, a cura
di Lucia Stefanelli Torossi, con testi di Enrico Crispolti, Carlo Alberto Bucci, Cristiana Perrella,
Edizioni Arco Farnese, Roma 1991, ripr. tav. n. 53;
Dal simbolismo all'astrazione. Il primo Novecento a Roma nella collezione Jacorossi, catalogo
della mostra, a cura di Enrico Crispolti, in collaborazione con Giulia Tulino, Musia, De Luca
Editori d’Arte, Roma 2017, ripr. p. 117."
115,1932 p275,Riposo,1932,1932 p275,olio su tela,"cm 118 x 98,5",«Di Cocco 32» in basso a sinistra,non noto,"Collezione Ovidio Jacorossi, Roma",,"1984, Di Cocco nomade, solitario, contemplativo dal futurismo alle strutture di colore puro, Chiesa di S. Paolo, Pinacoteca e Musei Comunali, Macerata.","1932, XVIII Esposizione Biennale Internazionale d'Arte, Venezia;
1983, Gli artisti di Villa Strhol-Fern tra Simbolismo e Novecento, Galleria Arco Farnese, Roma;
2018, Dal simbolismo all'astrazione. Il primo Novecento a Roma nella collezione Jacorossi, Musia, Roma.","XVIII Esposizione Biennale Internazionale d'Arte, catalogo della mostra, Officine Grafiche Carlo Ferrari, Venezia 1932, sala XXXIV, n. 15, p. 120;
Gli artisti di Villa Strhol-Fern tra Simbolismo e Novecento, catalogo della mostra, a cura di Lucia Stefanelli Torossi, presentazione di Antonello Trombadori, De Luca Editore, Roma 1983, n. 67, ripr. p. 92;
Di Cocco nomade, solitario, contemplativo dal futurismo alle strutture di colore puro, catalogo della mostra, a cura di Enrico Crispolti, con note bio-bibliografiche di Daniela Pagliai, Coopedit, Macerata 1984, ripr. n. 30, p. 20;
Maurizio Fagiolo Dell'Arco, Scuola Romana: pittura e scultura a Roma dal 1919 al 1943, De Luca Editore, Roma 1986, ripr. p. 106;
Francesco Di Cocco. Dal futurismo alla Scuola Romana 1917-1938, catalogo della mostra, a cura di Lucia Stefanelli Torossi, con testi di Enrico Crispolti, Carlo Alberto Bucci, Cristiana Perrella, Edizioni Arco Farnese, Roma 1991, ripr. tav. n. 53;
Dal simbolismo all'astrazione. Il primo Novecento a Roma nella collezione Jacorossi, catalogo della mostra, a cura di Enrico Crispolti, in collaborazione con Giulia Tulino, Musia, De Luca Editori d’Arte, Roma 2017, ripr. p. 117.",,,,,,,,147-148,"Recto:
[Colazione all'aperto], 1934 ca.
Numero d’archivio: 1934 pc386
Tecnica: olio su carta
Dimensioni: cm 35 x 55,8
Segni sul recto: no
Segni sul verso: non ispezionabile
Collocazione: collezione privata, Roma
Esposizioni personali:
1991, Francesco Di Cocco. Dal futurismo alla Scuola Romana 1917-1938, Galleria Arco Farnese,
Roma;
1996, Francesco Di Cocco. Settant'anni di ricerca dal Futurismo alle strutture di colore puro,
Galleria Narciso, Torino.
Bibliografia:
Francesco Di Cocco. Dal futurismo alla Scuola Romana 1917-1938, catalogo della mostra, a cura
di Lucia Stefanelli Torossi, con testi di Enrico Crispolti, Carlo Alberto Bucci, Cristiana Perrella,
Edizioni Arco Farnese, Roma 1991, ripr. tav. n. 60.
Note:
Restauro Barbara Jatta, 1991. Bucci (1991) afferma come il dipinto si avvicini ad opere del 1934 ca.
per la resa abbozzata dei visi e per la pennellata sfibrata e rapida."
116,1934 pc386,[Colazione all'aperto],1934 ca.,1934 pc386,olio su carta,"cm 35 x 55,8",no,non ispezionabile,"collezione privata, Roma",,"1991, Francesco Di Cocco. Dal futurismo alla Scuola Romana 1917-1938, Galleria Arco Farnese, Roma;
1996, Francesco Di Cocco. Settant'anni di ricerca dal Futurismo alle strutture di colore puro, Galleria Narciso, Torino.",,"Francesco Di Cocco. Dal futurismo alla Scuola Romana 1917-1938, catalogo della mostra, a cura di Lucia Stefanelli Torossi, con testi di Enrico Crispolti, Carlo Alberto Bucci, Cristiana Perrella, Edizioni Arco Farnese, Roma 1991, ripr. tav. n. 60.","Restauro Barbara Jatta, 1991. Bucci (1991) afferma come il dipinto si avvicini ad opere del 1934 ca. per la resa abbozzata dei visi e per la pennellata sfibrata e rapida.",,,,,,,148-149,"Recto:
[Studio per ""Ritratto del maestro Castelnuovo Tedesco e della sua famiglia], 1934 ca.
Numero d’archivio: 1934 p266
Tecnica: olio su tavola
Dimensioni: cm 70 x 47
Segni sul recto: no
Segni sul verso: non noto
Collocazione: collezione Costanza Castelnuovo-Tedesco, California
Esposizioni personali:
1991, Francesco Di Cocco. Dal futurismo alla Scuola Romana 1917-1938, Galleria Arco Farnese,
Roma.
Bibliografia:
Francesco Di Cocco. Dal futurismo alla Scuola Romana 1917-1938, catalogo della mostra, a cura
di Lucia Stefanelli Torossi, con testi di Enrico Crispolti, Carlo Alberto Bucci, Cristiana Perrella,
Edizioni Arco Farnese, Roma 1991, ripr. tav. n. 56.
Note:
Bucci (1991) identifica il dipinto come uno studio preparatorio per la figura di Pietro, il maggiore
dei figli di Mario Castelnuovo Tedesco, ritratto insieme alla famiglia nel dipinto esposto nel 1935
alla Seconda Quadriennale d'Arte Nazionale (cfr. 1934 p309)."
117,1934 p266,"[Studio per ""Ritratto del maestro Castelnuovo Tedesco e della sua famiglia]",1934 ca.,1934 p266,olio su tavola,cm 70 x 47,no,non noto,"collezione Costanza Castelnuovo-Tedesco, California",,"1991, Francesco Di Cocco. Dal futurismo alla Scuola Romana 1917-1938, Galleria Arco Farnese, Roma.",,"Francesco Di Cocco. Dal futurismo alla Scuola Romana 1917-1938, catalogo della mostra, a cura di Lucia Stefanelli Torossi, con testi di Enrico Crispolti, Carlo Alberto Bucci, Cristiana Perrella, Edizioni Arco Farnese, Roma 1991, ripr. tav. n. 56.","Bucci (1991) identifica il dipinto come uno studio preparatorio per la figura di Pietro, il maggiore dei figli di Mario Castelnuovo Tedesco, ritratto insieme alla famiglia nel dipinto esposto nel 1935 alla Seconda Quadriennale d'Arte Nazionale (cfr. 1934 p309).",,,,,,,149-150,"Recto:
[Ritratto di Mario Castelnuovo-Tedesco col figlio Lorenzo] o [Studio per “La famiglia
Castelnuovo-Tedesco”], 1934
Numero d’archivio: 1934 p464
Tecnica: olio su tavola
Dimensioni: cm 76,5 x 62,5
Segni sul recto: no
Segni sul verso: non noto
Collocazione: collezione Diana Castelnuovo-Tedesco, New York
Note:
Studio preparatorio per la figura di Mario Castelnuovo-Tedesco con il figlio Lorenzo, ritratti
insieme alla famiglia nel dipinto esposto nel 1935 alla Seconda Quadriennale d'Arte Nazionale (cfr.
1934 p309)."
118,1934 p464,Castelnuovo-Tedesco”],1934,1934 p464,olio su tavola,"cm 76,5 x 62,5",no,non noto,"collezione Diana Castelnuovo-Tedesco, New York",,,,,"Studio preparatorio per la figura di Mario Castelnuovo-Tedesco con il figlio Lorenzo, ritratti insieme alla famiglia nel dipinto esposto nel 1935 alla Seconda Quadriennale d'Arte Nazionale (cfr. 1934 p309).",,,,,,,150,"Recto:
Ritratto del maestro Castelnuovo Tedesco e della sua famiglia, 1934
Numero d’archivio: 1934 p309
Tecnica: olio su tela
Dimensioni: cm 130 x 100
Segni sul recto: «Di Cocco 34» in basso a sinistra
Segni sul verso: non noto
Collocazione: non nota
Esposizioni collettive:
1935, Seconda Quadriennale d’Arte Nazionale, Palazzo delle Esposizioni, Roma.
Bibliografia:
Seconda Quadriennale d'Arte Nazionale, catalogo della mostra, Tumminelli & Co, Roma-Milano
1935, sala LII, n. 18, p. 46, ripr.;
Ercole Maselli, La II Quadriennale d’Arte, in «L'Italia Letteraria», Roma, 9 febbraio 1935, ripr.;
Michele Biancale, La pittura alla II Quadriennale, in «Il Popolo di Roma», Roma, 16 febbraio
1935;
Virgilio Guzzi, Pittura alla II Quadriennale, in «Nuova Antologia», 1° marzo 1935, p. 102;
Alessandro Benedetti, Pittura alla II Quadriennale, in «Corriere Adriatico», 4 maggio 1935;
Di Cocco nomade, solitario, contemplativo dal futurismo alle strutture di colore puro, catalogo
della mostra, a cura di Enrico Crispolti, con note bio-bibliografiche di Daniela Pagliai, Coopedit,
Macerata 1984, ripr. n. 26, p. 18;
Roma 1934, catalogo della mostra, a cura di Giuseppe Appella, Fabrizio D'Amico, Edizioni Panini,
Modena 1986, ripr. p. 169;
Carlo Pirovano (a cura di), La pittura in Italia. Il Novecento, vol. II, Electa, Milano 1991, ripr. p.
868;
Mario Castenuovo-Tedesco, Una vita di musica, Cadmo, Fiesole 2005.
Note:
Come afferma Appella (1986) l’opera è scomparsa nell’abitazione fiorentina del maestro, in via
della Robbia, durante l’occupazione tedesca."
119,1934 p309,Ritratto del maestro Castelnuovo Tedesco e della sua famiglia,1934,1934 p309,olio su tela,cm 130 x 100,«Di Cocco 34» in basso a sinistra,non noto,non nota,,,"1935, Seconda Quadriennale d’Arte Nazionale, Palazzo delle Esposizioni, Roma.","Seconda Quadriennale d'Arte Nazionale, catalogo della mostra, Tumminelli & Co, Roma-Milano 1935, sala LII, n. 18, p. 46, ripr.;
Ercole Maselli, La II Quadriennale d’Arte, in «L'Italia Letteraria», Roma, 9 febbraio 1935, ripr.;
Michele Biancale, La pittura alla II Quadriennale, in «Il Popolo di Roma», Roma, 16 febbraio 1935;
Virgilio Guzzi, Pittura alla II Quadriennale, in «Nuova Antologia», 1° marzo 1935, p. 102;
Alessandro Benedetti, Pittura alla II Quadriennale, in «Corriere Adriatico», 4 maggio 1935;
Di Cocco nomade, solitario, contemplativo dal futurismo alle strutture di colore puro, catalogo della mostra, a cura di Enrico Crispolti, con note bio-bibliografiche di Daniela Pagliai, Coopedit, Macerata 1984, ripr. n. 26, p. 18;
Roma 1934, catalogo della mostra, a cura di Giuseppe Appella, Fabrizio D'Amico, Edizioni Panini, Modena 1986, ripr. p. 169;
Carlo Pirovano (a cura di), La pittura in Italia. Il Novecento, vol. II, Electa, Milano 1991, ripr. p. 868;
Mario Castenuovo-Tedesco, Una vita di musica, Cadmo, Fiesole 2005.","Come afferma Appella (1986) l’opera è scomparsa nell’abitazione fiorentina del maestro, in via della Robbia, durante l’occupazione tedesca.",,,,,,,151-152,"Recto:
Verso:
[Ritratto di Mario Castelnuovo-Tedesco, 1934 ca.
Numero d’archivio: 1934 pCT
Tecnica: olio su tavola
Dimensioni: cm 60 x 40
Segni sul recto: no
Segni sul verso: [Natura morta]
Collocazione: collezione Diana Castelnuovo-Tedesco, Los Angeles"
120,1934 pCT,[Ritratto di Mario Castelnuovo-Tedesco,1934 ca.,1934 pCT,olio su tavola,cm 60 x 40,no,[Natura morta],"collezione Diana Castelnuovo-Tedesco, Los Angeles",,,,,,,,,,,,152-153,"Recto:
[Interno con figure], 1934 ca.
Numero d’archivio: 1934 p108
Tecnica: olio su tela
Dimensioni: cm 39,5 x 60
Segni sul recto: no
Segni sul verso: non noto
Collocazione: non nota
Esposizioni personali:
1991, Francesco Di Cocco. Dal futurismo alla Scuola Romana 1917-1938, Galleria Arco Farnese,
Roma.
Bibliografia:
Francesco Di Cocco. Dal futurismo alla Scuola Romana 1917-1938, catalogo della mostra, a cura
di Lucia Stefanelli Torossi, con testi di Enrico Crispolti, Carlo Alberto Bucci, Cristiana Perrella,
Edizioni Arco Farnese, Roma 1991, ripr. tav. n. 54;
J. T., Francesco Di Cocco, in «ARTnews», New York, dicembre 1991, ripr. p. 142."
121,1934 p108,[Interno con figure],1934 ca.,1934 p108,olio su tela,"cm 39,5 x 60",no,non noto,non nota,,"1991, Francesco Di Cocco. Dal futurismo alla Scuola Romana 1917-1938, Galleria Arco Farnese, Roma.",,"Francesco Di Cocco. Dal futurismo alla Scuola Romana 1917-1938, catalogo della mostra, a cura di Lucia Stefanelli Torossi, con testi di Enrico Crispolti, Carlo Alberto Bucci, Cristiana Perrella, Edizioni Arco Farnese, Roma 1991, ripr. tav. n. 54;
J. T., Francesco Di Cocco, in «ARTnews», New York, dicembre 1991, ripr. p. 142.",,,,,,,,153-154,"Recto:
Verso:
I silos, 1934 ca.
Numero d’archivio: 1934 p121
Tecnica: olio su tavola
Dimensioni: cm 50 x 71
Segni sul recto: cfr. note
Segni sul verso: [Figure sulla soglia], 1934 ca., olio su tavola
Collocazione: non nota
Esposizioni personali:
1991, Francesco Di Cocco. Dal futurismo alla Scuola Romana 1917-1938, Galleria Arco Farnese,
Roma;
1996, Francesco Di Cocco. Settant'anni di ricerca dal Futurismo alle strutture di colore puro,
Galleria Narciso, Torino.
Esposizioni collettive:
1990, Il mondo delle torri. Da Babilonia a Manhattan, Palazzo Reale, Milano.
Bibliografia:
Il mondo delle torri. Da Babilonia a Manhattan, catalogo della mostra, a cura di Paolo Farina,
Mazzotta, Milano 1990, p. 214;
Francesco Di Cocco. Dal futurismo alla Scuola Romana 1917-1938, catalogo della mostra, a cura
di Lucia Stefanelli Torossi, con testi di Enrico Crispolti, Carlo Alberto Bucci, Cristiana Perrella,
Edizioni Arco Farnese, Roma 1991, ripr. tav. n. 57, n. 58;
Francesco Di Cocco. Settant'anni di ricerca dal Futurismo alle strutture di colore puro, catalogo
della mostra, con testi di Titina Maselli, Enrico Crispolti, Antonio Rava, Carlo Alberto Bucci,
Quaderni dell’Archivio Crispolti, Officina Edizioni, Roma 1996, ripr. p. 29.
Note:
Il titolo dell'opera appare sul retro della tavola «Made in/ Italy/ I silos/ Fr Di Cocco» proprio sopra
alla pittura delle Figure sulla soglia che l'artista ha dipinto precedentemente a I silos; il dipinto fa
parte del lotto di opere acquistato da un collezionista fiorentino durante la permanenza di Di Cocco
nella città toscana, Bucci (1991)."
122,1934 p121,I silos,1934 ca.,1934 p121,olio su tavola,cm 50 x 71,cfr. note,"[Figure sulla soglia], 1934 ca., olio su tavola",non nota,,"1991, Francesco Di Cocco. Dal futurismo alla Scuola Romana 1917-1938, Galleria Arco Farnese, Roma;
1996, Francesco Di Cocco. Settant'anni di ricerca dal Futurismo alle strutture di colore puro, Galleria Narciso, Torino.","1990, Il mondo delle torri. Da Babilonia a Manhattan, Palazzo Reale, Milano.","Il mondo delle torri. Da Babilonia a Manhattan, catalogo della mostra, a cura di Paolo Farina, Mazzotta, Milano 1990, p. 214;
Francesco Di Cocco. Dal futurismo alla Scuola Romana 1917-1938, catalogo della mostra, a cura di Lucia Stefanelli Torossi, con testi di Enrico Crispolti, Carlo Alberto Bucci, Cristiana Perrella, Edizioni Arco Farnese, Roma 1991, ripr. tav. n. 57, n. 58;
Francesco Di Cocco. Settant'anni di ricerca dal Futurismo alle strutture di colore puro, catalogo della mostra, con testi di Titina Maselli, Enrico Crispolti, Antonio Rava, Carlo Alberto Bucci, Quaderni dell’Archivio Crispolti, Officina Edizioni, Roma 1996, ripr. p. 29.","Il titolo dell'opera appare sul retro della tavola «Made in/ Italy/ I silos/ Fr Di Cocco» proprio sopra alla pittura delle Figure sulla soglia che l'artista ha dipinto precedentemente a I silos; il dipinto fa parte del lotto di opere acquistato da un collezionista fiorentino durante la permanenza di Di Cocco nella città toscana, Bucci (1991).",,,,,,,154-156,"Recto:
Verso il porto, 1934 ca.
Numero d’archivio: 1934
Tecnica: olio su tavola
Dimensioni: cm 61 x 49
Segni sul recto: no
Segni sul verso: cfr. note
Collocazione: non nota
Esposizioni personali:
1991, Francesco Di Cocco. Dal futurismo alla Scuola Romana 1917-1938, Galleria Arco Farnese,
Roma.
Bibliografia:
Francesco Di Cocco. Dal futurismo alla Scuola Romana 1917-1938, catalogo della mostra, a cura
di Lucia Stefanelli Torossi, con testi di Enrico Crispolti, Carlo Alberto Bucci, Cristiana Perrella,
Edizioni Arco Farnese, Roma 1991, ripr. tav. n. 55.
Note:
Bucci (1991) afferma come sul retro del supporto si possa leggere «Verso il porto made in Italy»,
specificando che la scritta è stata apposta da Di Cocco all'incirca negli stessi anni in cui ha dipinto
l'opera."
123,1934,Verso il porto,1934 ca.,1934,olio su tavola,cm 61 x 49,no,cfr. note,non nota,,"1991, Francesco Di Cocco. Dal futurismo alla Scuola Romana 1917-1938, Galleria Arco Farnese, Roma.",,"Francesco Di Cocco. Dal futurismo alla Scuola Romana 1917-1938, catalogo della mostra, a cura di Lucia Stefanelli Torossi, con testi di Enrico Crispolti, Carlo Alberto Bucci, Cristiana Perrella, Edizioni Arco Farnese, Roma 1991, ripr. tav. n. 55.","Bucci (1991) afferma come sul retro del supporto si possa leggere «Verso il porto made in Italy», specificando che la scritta è stata apposta da Di Cocco all'incirca negli stessi anni in cui ha dipinto l'opera.",,,,,,,156,"Recto:
Composizione, 1934 ca.
Numero d’archivio: 1934 p320
Tecnica: olio su tavola
Dimensioni: cm 40 x 60
Segni sul recto: no
Segni sul verso: cfr. note
Collocazione: non nota
Esposizioni personali:
1991, Francesco Di Cocco. Dal futurismo alla Scuola Romana 1917-1938, Galleria Arco Farnese,
Roma.
Bibliografia:
Francesco Di Cocco. Dal futurismo alla Scuola Romana 1917-1938, catalogo della mostra, a cura
di Lucia Stefanelli Torossi, con testi di Enrico Crispolti, Carlo Alberto Bucci, Cristiana Perrella,
Edizioni Arco Farnese, Roma 1991, ripr. tav. n. 59.
Note:
Bucci (1991) afferma come il titolo dell'opera è stato scritto dall'artista stesso sul retro della tavola:
«Di Cocco / Composizione / 50 x 35» e le misure sono erroneamente differenti da quelle del
dipinto."
124,1934 p320,Composizione,1934 ca.,1934 p320,olio su tavola,cm 40 x 60,no,cfr. note,non nota,,"1991, Francesco Di Cocco. Dal futurismo alla Scuola Romana 1917-1938, Galleria Arco Farnese, Roma.",,"Francesco Di Cocco. Dal futurismo alla Scuola Romana 1917-1938, catalogo della mostra, a cura di Lucia Stefanelli Torossi, con testi di Enrico Crispolti, Carlo Alberto Bucci, Cristiana Perrella, Edizioni Arco Farnese, Roma 1991, ripr. tav. n. 59.",Bucci (1991) afferma come il titolo dell'opera è stato scritto dall'artista stesso sul retro della tavola: «Di Cocco / Composizione / 50 x 35» e le misure sono erroneamente differenti da quelle del dipinto.,,,,,,,157,"Recto:
Composizione, 1934 ca.
Numero d’archivio: p60/G
Tecnica: olio su tela
Dimensioni: cm 60,5 x 78,5
Segni sul recto: no
Segni sul verso: cfr. note
Collocazione: non nota
Esposizioni personali:
1991, Francesco Di Cocco. Dal futurismo alla Scuola Romana 1917-1938, Galleria Arco Farnese,
Roma.
Esposizioni collettive:
1988, Le Scuole Romane: sviluppi e continuità 1927 – 1988, Galleria d’Arte Moderna e
Contemporanea, Palazzo Forti, Verona.
Bibliografia:
Le Scuole Romane: sviluppi e continuità 1927 – 1988, catalogo della mostra, a cura di Fabio Benzi,
Enrico Mascelloni, Roberto Lambarelli, De Luca Mondadori, Roma Milano 1988, ripr. p. 37;
Francesco Di Cocco. Dal futurismo alla Scuola Romana 1917-1938, catalogo della mostra, a cura
di Lucia Stefanelli Torossi, con testi di Enrico Crispolti, Carlo Alberto Bucci, Cristiana Perrella,
Edizioni Arco Farnese, Roma 1991, ripr. tav. n. 62;
Mario Verdone, Francesco Di Cocco, in «Terzocchio», anno XVIII, n. 1, Bologna, marzo 1992,
ripr. p. 28.
Note:
Bucci (1991) afferma come il dipinto presenti puntuali analogie con le opere della metà degli anni
Trenta, datando l’opera al 1934 ca.; tuttavia, sul retro del telaio l’artista stesso, in anni recenti, ha
scritto a pennarello il proprio nome e la data 1928, per questo motivo nel catalogo della mostra di
Verona viene erroneamente segnato con tale datazione."
125,1934 p60/G,Composizione,1934 ca.,p60/G,olio su tela,"cm 60,5 x 78,5",no,cfr. note,non nota,,"1991, Francesco Di Cocco. Dal futurismo alla Scuola Romana 1917-1938, Galleria Arco Farnese, Roma.","1988, Le Scuole Romane: sviluppi e continuità 1927 – 1988, Galleria d’Arte Moderna e Contemporanea, Palazzo Forti, Verona.","Le Scuole Romane: sviluppi e continuità 1927 – 1988, catalogo della mostra, a cura di Fabio Benzi, Enrico Mascelloni, Roberto Lambarelli, De Luca Mondadori, Roma Milano 1988, ripr. p. 37;
Francesco Di Cocco. Dal futurismo alla Scuola Romana 1917-1938, catalogo della mostra, a cura di Lucia Stefanelli Torossi, con testi di Enrico Crispolti, Carlo Alberto Bucci, Cristiana Perrella, Edizioni Arco Farnese, Roma 1991, ripr. tav. n. 62;
Mario Verdone, Francesco Di Cocco, in «Terzocchio», anno XVIII, n. 1, Bologna, marzo 1992, ripr. p. 28.","Bucci (1991) afferma come il dipinto presenti puntuali analogie con le opere della metà degli anni Trenta, datando l’opera al 1934 ca.; tuttavia, sul retro del telaio l’artista stesso, in anni recenti, ha scritto a pennarello il proprio nome e la data 1928, per questo motivo nel catalogo della mostra di Verona viene erroneamente segnato con tale datazione.",,,,,,,158-159,"[Il convegno], 1934-1935 ca.
Numero d’archivio: 1934 p102
Tecnica: olio su tavola
Dimensioni: cm 44 x 37
Segni sul recto: «Di Cocco» in basso a destra
Segni sul verso: non nota
Collocazione: non nota
Esposizioni personali:
1991, Francesco Di Cocco. Dal futurismo alla Scuola Romana 1917-1938, Galleria Arco Farnese,
Roma.
Bibliografia:
Francesco Di Cocco. Dal futurismo alla Scuola Romana 1917-1938, catalogo della mostra, a cura
di Lucia Stefanelli Torossi, con testi di Enrico Crispolti, Carlo Alberto Bucci, Cristiana Perrella,
Edizioni Arco Farnese, Roma 1991, ripr. tav. n. 61."
126,1934 p102,[Il convegno],1934-1935 ca.,1934 p102,olio su tavola,cm 44 x 37,«Di Cocco» in basso a destra,non nota,non nota,,"1991, Francesco Di Cocco. Dal futurismo alla Scuola Romana 1917-1938, Galleria Arco Farnese, Roma.",,"Francesco Di Cocco. Dal futurismo alla Scuola Romana 1917-1938, catalogo della mostra, a cura di Lucia Stefanelli Torossi, con testi di Enrico Crispolti, Carlo Alberto Bucci, Cristiana Perrella, Edizioni Arco Farnese, Roma 1991, ripr. tav. n. 61.",,,,,,,,159,"Recto:
[Paesaggio con figure], 1934-1935
Numero d’archivio: 1934 p378
Tecnica: olio su compensato
Dimensioni: cm 45 x 65,5
Segni sul recto: no
Segni sul verso: non noto
Collocazione: non nota
Note:
Originale non noto, opera documentata presso l’Archivio E. Crispolti, in cui si documenta anche il
passaggio dell’opera presso la casa d’asta Pandolfini a Firenze il 6 marzo 1995."
127,1934 p378,[Paesaggio con figure],1934-1935,1934 p378,olio su compensato,"cm 45 x 65,5",no,non noto,non nota,,,,,"Originale non noto, opera documentata presso l’Archivio E. Crispolti, in cui si documenta anche il passaggio dell’opera presso la casa d’asta Pandolfini a Firenze il 6 marzo 1995.",,,,,,,160,"Recto:
Verso:
[Paesaggio], data incerta
Numero d’archivio: p364
Tecnica: [gessetti e olio su tela]
Dimensioni: cm 32 x 53
Segni sul recto: no
Segni sul verso: tracce di gessetti e pittura di vari colori; numero d’archivio manoscritto «P.364»;
cartellino adesivo in alto a sinistra con il numero d’archivio «P.364»
Collocazione: collezione privata, Roma
Note:
Si tratta probabilmente di un paesaggio realizzato nel periodo tra le due guerre, rimaneggiato fino a
renderlo irriconoscibile negli ultimi anni di vita dell’artista."
128,p364,[Paesaggio],data incerta,p364,[gessetti e olio su tela],cm 32 x 53,no,tracce di gessetti e pittura di vari colori; numero d’archivio manoscritto «P.364»; cartellino adesivo in alto a sinistra con il numero d’archivio «P.364»,"collezione privata, Roma",,,,,"Si tratta probabilmente di un paesaggio realizzato nel periodo tra le due guerre, rimaneggiato fino a renderlo irriconoscibile negli ultimi anni di vita dell’artista.",,,,,,,161-162,"Recto:
Verso:
[Paesaggio con figure], data incerta
Numero d’archivio: p357
Tecnica: [gessetti e olio su cartone]
Dimensioni: cm 42 x 51
Segni sul recto: no
Segni sul verso: tracce di pittura di vari colori; numero d’archivio manoscritto in alto al centro
«P.357»; inoltre al centro è visibile un cartellino pubblicitario dell’agenzia «Iride Viaggi»
Collocazione: collezione privata, Roma
Note:
Si tratta probabilmente di un paesaggio realizzato nel periodo tra le due guerre, rimaneggiato fino a
renderlo irriconoscibile negli ultimi anni di vita dell’artista."
129,p357,[Paesaggio con figure],data incerta,p357,[gessetti e olio su cartone],cm 42 x 51,no,tracce di pittura di vari colori; numero d’archivio manoscritto in alto al centro «P.357»; inoltre al centro è visibile un cartellino pubblicitario dell’agenzia «Iride Viaggi»,"collezione privata, Roma",,,,,"Si tratta probabilmente di un paesaggio realizzato nel periodo tra le due guerre, rimaneggiato fino a renderlo irriconoscibile negli ultimi anni di vita dell’artista.",,,,,,,162-163,
